Acer campestre;Acer campestre;1
Acer platanoides;Acer platanoides;2
Acer pseudoplatanus;Acer pseudoplatanus;3
Achillea millefolium;Achillea millefolium;4
Achillea ptarmica;Achillea ptarmica;5
Aconitum napellus;Aconitum napellus;6
Acorus calamus;Acorus calamus;7
Actaea spicata;Actaea spicata;8
Adonis aestivalis;Adonis aestivalis;9
Adonis vernalis;Adonis vernalis;10
Adoxa moschatellina;Adoxa moschatellina;11
Aegonychon purpurocaeruleum;Aegonychon purpurocaeruleum;12
Aegopodium podagraria;Aegopodium podagraria;13
Aethusa cynapium;Aethusa cynapium;14
Agrimonia eupatoria;Agrimonia eupatoria;15
Agrostemma githago;Agrostemma githago;16
Ajuga genevensis;Ajuga genevensis;17
Ajuga reptans;Ajuga reptans;18
Alchemilla vulgaris;Alchemilla vulgaris;19
Alisma plantago-aquatica;Alisma plantago-aquatica;20
Alliaria petiolata;Alliaria petiolata;21
Allium angulosum;Allium angulosum;22
Allium ursinum;Allium ursinum;23
Allium vineale;Allium vineale;24
Alyssum alyssoides;Alyssum alyssoides;25
Alyssum montanum;Alyssum montanum;26
Amelanchier ovalis;Amelanchier ovalis;27
Anacamptis morio;Anacamptis morio;28
Anagallis arvensis;Anagallis arvensis;29
Anchusa officinalis;Anchusa officinalis;30
Andromeda polifolia;Andromeda polifolia;31
Anemone hepatica;Anemone hepatica;32
Anemone narcissiflora;Anemone narcissiflora;33
Anemone nemorosa;Anemone nemorosa;34
Anemone ranunculoides;Anemone ranunculoides;35
Anemone sylvestris;Anemone sylvestris;36
Angelica archangelica;Angelica archangelica;37
Angelica sylvestris;Angelica sylvestris;38
Antennaria dioica;Antennaria dioica;39
Anthemis arvensis;Anthemis arvensis;40
Anthericum liliago;Anthericum liliago;41
Anthericum ramosum;Anthericum ramosum;42
Anthriscus sylvestris;Anthriscus sylvestris;43
Anthyllis vulneraria;Anthyllis vulneraria;44
Aphanes arvensis;Aphanes arvensis;45
Aquilegia vulgaris;Aquilegia vulgaris;46
Arabis alpina;Arabis alpina;47
Arabis hirsuta;Arabis hirsuta;48
Arctium lappa;Arctium lappa;49
Arctium minus;Arctium minus;50
Arctium tomentosum;Arctium tomentosum;51
Arctostaphylos uva-ursi;Arctostaphylos uva-ursi;52
Arenaria serpyllifolia;Arenaria serpyllifolia;53
Potentilla anserina;Potentilla anserina;54
Aristolochia clematitis;Aristolochia clematitis;55
Armeria maritima;Armeria maritima;56
Arnica montana;Arnica montana;57
Artemisia vulgaris;Artemisia vulgaris;58
Arum maculatum;Arum maculatum;59
Aruncus dioicus;Aruncus dioicus;60
Asarum europaeum;Asarum europaeum;61
Aster amellus;Aster amellus;62
Astragalus glycyphyllos;Astragalus glycyphyllos;63
Astrantia major;Astrantia major;64
Atriplex patula;Atriplex patula;65
Atriplex prostrata;Atriplex prostrata;66
Atropa belladonna;Atropa belladonna;67
Ballota nigra;Ballota nigra;68
Barbarea vulgaris;Barbarea vulgaris;69
Bellis perennis;Bellis perennis;70
Berberis vulgaris;Berberis vulgaris;71
Bidens tripartita;Bidens tripartita;72
Biscutella laevigata;Biscutella laevigata;73
Bistorta officinalis;Bistorta officinalis;74
Blitum bonus-henricus;Blitum bonus-henricus;75
Bryonia dioica;Bryonia dioica;76
Buddleja davidii;Buddleja davidii;77
Buglossoides arvensis;Buglossoides arvensis;78
Buphthalmum salicifolium;Buphthalmum salicifolium;79
Bupleurum falcatum;Bupleurum falcatum;80
Butomus umbellatus;Butomus umbellatus;81
Calla palustris;Calla palustris;82
Calluna vulgaris;Calluna vulgaris;83
Caltha palustris;Caltha palustris;84
Calystegia sepium;Calystegia sepium;85
Camelina sativa;Camelina sativa;86
Campanula glomerata;Campanula glomerata;87
Campanula patula;Campanula patula;88
Campanula persicifolia;Campanula persicifolia;89
Campanula rapunculoides;Campanula rapunculoides;90
Campanula rotundifolia;Campanula rotundifolia;91
Campanula trachelium;Campanula trachelium;92
Capsella bursa-pastoris;Capsella bursa-pastoris;93
Cardamine amara;Cardamine amara;94
Cardamine pratensis;Cardamine pratensis;95
Carduus acanthoides;Carduus acanthoides;96
Carduus nutans;Carduus nutans;97
Carlina acaulis;Carlina acaulis;98
Carum carvi;Carum carvi;99
Centaurea cyanus;Centaurea cyanus;100
Centaurea jacea;Centaurea jacea;101
Centaurea montana;Centaurea montana;102
Centaurea scabiosa;Centaurea scabiosa;103
Centaurium erythraea;Centaurium erythraea;104
Cephalanthera damasonium;Cephalanthera damasonium;105
Cephalanthera rubra;Cephalanthera rubra;106
Cerastium arvense;Cerastium arvense;107
Cerastium fontanum;Cerastium fontanum;108
Cerastium semidecandrum;Cerastium semidecandrum;109
Ceratophyllum demersum;Ceratophyllum demersum;110
Chaerophyllum bulbosum;Chaerophyllum bulbosum;111
Chaerophyllum temulum;Chaerophyllum temulum;112
Chamerion angustifolium;Chamerion angustifolium;113
Chelidonium majus;Chelidonium majus;114
Chenopodium album;Chenopodium album;115
Chimaphila umbellata;Chimaphila umbellata;116
Chlorophytum comosum;Chlorophytum comosum;117
Chrysosplenium alternifolium;Chrysosplenium alternifolium;118
Cichorium intybus;Cichorium intybus;119
Cicuta virosa;Cicuta virosa;120
Circaea alpina;Circaea alpina;121
Circaea lutetiana;Circaea lutetiana;122
Cirsium acaule;Cirsium acaule;123
Cirsium arvense;Cirsium arvense;124
Cirsium oleraceum;Cirsium oleraceum;125
Cirsium palustre;Cirsium palustre;126
Cirsium vulgare;Cirsium vulgare;127
Clematis alpina;Clematis alpina;128
Clematis vitalba;Clematis vitalba;129
Clinopodium acinos;Clinopodium acinos;130
Clinopodium vulgare;Clinopodium vulgare;131
Colchicum autumnale;Colchicum autumnale;132
Comarum palustre;Comarum palustre;133
Conium maculatum;Conium maculatum;134
Consolida regalis;Consolida regalis;135
Convallaria majalis;Convallaria majalis;136
Convolvulus arvensis;Convolvulus arvensis;137
Conyza canadensis;Conyza canadensis;138
Cornus mas;Cornus mas;139
Cornus sanguinea;Cornus sanguinea;140
Corydalis cava;Corydalis cava;141
Corydalis solida;Corydalis solida;142
Cotoneaster integerrimus;Cotoneaster integerrimus;143
Crataegus germanica;Crataegus germanica;144
Crataegus laevigata;Crataegus laevigata;145
Crataegus monogyna;Crataegus monogyna;146
Crepis biennis;Crepis biennis;147
Crepis capillaris;Crepis capillaris;148
Crepis paludosa;Crepis paludosa;149
Crocus vernus;Crocus vernus;150
Cruciata laevipes;Cruciata laevipes;151
Cuscuta epithymum;Cuscuta epithymum;152
Cypripedium calceolus;Cypripedium calceolus;153
Cytisus nigricans;Cytisus nigricans;154
Cytisus scoparius;Cytisus scoparius;155
Dactylorhiza incarnata;Dactylorhiza incarnata;156
Dactylorhiza maculata;Dactylorhiza maculata;157
Dactylorhiza majalis;Dactylorhiza majalis;158
Daphne cneorum;Daphne cneorum;159
Daphne mezereum;Daphne mezereum;160
Daphne striata;Daphne striata;161
Datura stramonium;Datura stramonium;162
Daucus carota;Daucus carota;163
Descurainia sophia;Descurainia sophia;164
Dianthus carthusianorum;Dianthus carthusianorum;165
Dianthus deltoides;Dianthus deltoides;166
Dianthus gratianopolitanus;Dianthus gratianopolitanus;167
Dianthus seguieri;Dianthus seguieri;168
Dianthus superbus;Dianthus superbus;169
Dictamnus albus;Dictamnus albus;170
Digitalis grandiflora;Digitalis grandiflora;171
Digitalis lutea;Digitalis lutea;172
Digitalis purpurea;Digitalis purpurea;173
Diplotaxis muralis;Diplotaxis muralis;174
Diplotaxis tenuifolia;Diplotaxis tenuifolia;175
Dipsacus fullonum;Dipsacus fullonum;176
Draba aizoides;Draba aizoides;177
Drosera anglica;Drosera anglica;178
Drosera rotundifolia;Drosera rotundifolia;179
Echium vulgare;Echium vulgare;180
Elodea canadensis;Elodea canadensis;181
Empetrum nigrum;Empetrum nigrum;182
Epilobium hirsutum;Epilobium hirsutum;183
Epilobium montanum;Epilobium montanum;184
Epilobium parviflorum;Epilobium parviflorum;185
Epilobium roseum;Epilobium roseum;186
Epipactis helleborine;Epipactis helleborine;187
Epipactis palustris;Epipactis palustris;188
Erica tetralix;Erica tetralix;189
Erigeron acris;Erigeron acris;190
Erodium cicutarium;Erodium cicutarium;191
Draba verna;Draba verna;192
Eryngium campestre;Eryngium campestre;193
Eryngium maritimum;Eryngium maritimum;194
Erysimum cheiranthoides;Erysimum cheiranthoides;195
Euonymus europaeus;Euonymus europaeus;196
Eupatorium cannabinum;Eupatorium cannabinum;197
Euphorbia cyparissias;Euphorbia cyparissias;198
Euphorbia dulcis;Euphorbia dulcis;199
Euphorbia exigua;Euphorbia exigua;200
Euphorbia helioscopia;Euphorbia helioscopia;201
Euphorbia palustris;Euphorbia palustris;202
Euphorbia peplus;Euphorbia peplus;203
Euphorbia verrucosa;Euphorbia verrucosa;204
Euphrasia rostkoviana;Euphrasia rostkoviana;205
Euphrasia stricta;Euphrasia stricta;206
Ficaria verna;Ficaria verna;207
Filago minima;Filago minima;208
Filipendula ulmaria;Filipendula ulmaria;209
Filipendula vulgaris;Filipendula vulgaris;210
Forsythia suspensa;Forsythia suspensa;211
Fragaria moschata;Fragaria moschata;212
Fragaria vesca;Fragaria vesca;213
Fragaria viridis;Fragaria viridis;214
Frangula alnus;Frangula alnus;215
Fritillaria meleagris;Fritillaria meleagris;216
Fumaria officinalis;Fumaria officinalis;217
Gagea lutea;Gagea lutea;218
Gagea pratensis;Gagea pratensis;219
Gagea villosa;Gagea villosa;220
Galanthus nivalis;Galanthus nivalis;221
Galeopsis tetrahit;Galeopsis tetrahit;222
Galinsoga parviflora;Galinsoga parviflora;223
Galinsoga quadriradiata;Galinsoga quadriradiata;224
Galium aparine;Galium aparine;225
Galium mollugo;Galium mollugo;226
Galium odoratum;Galium odoratum;227
Galium palustre;Galium palustre;228
Galium verum;Galium verum;229
Genista germanica;Genista germanica;230
Genista pilosa;Genista pilosa;231
Genista sagittalis;Genista sagittalis;232
Genista tinctoria;Genista tinctoria;233
Gentiana asclepiadea;Gentiana asclepiadea;234
Gentiana lutea;Gentiana lutea;235
Gentiana pneumonanthe;Gentiana pneumonanthe;236
Gentiana verna;Gentiana verna;237
Gentianopsis ciliata;Gentianopsis ciliata;238
Geranium dissectum;Geranium dissectum;239
Geranium molle;Geranium molle;240
Geranium palustre;Geranium palustre;241
Geranium phaeum;Geranium phaeum;242
Geranium pratense;Geranium pratense;243
Geranium robertianum;Geranium robertianum;244
Geranium sanguineum;Geranium sanguineum;245
Geranium sylvaticum;Geranium sylvaticum;246
Geum rivale;Geum rivale;247
Geum urbanum;Geum urbanum;248
Glechoma hederacea;Glechoma hederacea;249
Globularia vulgaris;Globularia vulgaris;250
Gnaphalium sylvaticum;Gnaphalium sylvaticum;251
Gratiola officinalis;Gratiola officinalis;252
Gymnadenia conopsea;Gymnadenia conopsea;253
Gypsophila muralis;Gypsophila muralis;254
Hedera helix;Hedera helix;255
Helianthemum nummularium;Helianthemum nummularium;256
Helleborus foetidus;Helleborus foetidus;257
Helleborus niger;Helleborus niger;258
Helleborus viridis;Helleborus viridis;259
Heracleum mantegazzianum;Heracleum mantegazzianum;260
Heracleum sphondylium;Heracleum sphondylium;261
Herniaria glabra;Herniaria glabra;262
Hesperis matronalis;Hesperis matronalis;263
Hieracium murorum;Hieracium murorum;264
Hippocrepis comosa;Hippocrepis comosa;265
Hippophae rhamnoides;Hippophae rhamnoides;266
Hippuris vulgaris;Hippuris vulgaris;267
Holosteum umbellatum;Holosteum umbellatum;268
Humulus lupulus;Humulus lupulus;269
Hydrocharis morsus-ranae;Hydrocharis morsus-ranae;270
Hydrocotyle vulgaris;Hydrocotyle vulgaris;271
Hylotelephium telephium;Hylotelephium telephium;272
Hyoscyamus niger;Hyoscyamus niger;273
Hypericum calycinum;Hypericum calycinum;274
Hypericum hirsutum;Hypericum hirsutum;275
Hypericum humifusum;Hypericum humifusum;276
Hypericum maculatum;Hypericum maculatum;277
Hypericum montanum;Hypericum montanum;278
Hypericum perforatum;Hypericum perforatum;279
Hypericum pulchrum;Hypericum pulchrum;280
Hypericum tetrapterum;Hypericum tetrapterum;281
Ilex aquifolium;Ilex aquifolium;282
Impatiens glandulifera;Impatiens glandulifera;283
Impatiens noli-tangere;Impatiens noli-tangere;284
Impatiens parviflora;Impatiens parviflora;285
Inula salicina;Inula salicina;286
Iris pseudacorus;Iris pseudacorus;287
Iris sibirica;Iris sibirica;288
Isatis tinctoria;Isatis tinctoria;289
Jacobaea erucifolia;Jacobaea erucifolia;290
Jasione montana;Jasione montana;291
Knautia arvensis;Knautia arvensis;292
Knautia dipsacifolia;Knautia dipsacifolia;293
Laburnum anagyroides;Laburnum anagyroides;294
Lactuca serriola;Lactuca serriola;295
Lamium album;Lamium album;296
Lamium amplexicaule;Lamium amplexicaule;297
Lamium galeobdolon;Lamium galeobdolon;298
Lamium maculatum;Lamium maculatum;299
Lamium purpureum;Lamium purpureum;300
Lapsana communis;Lapsana communis;301
Lathraea squamaria;Lathraea squamaria;302
Lathyrus aphaca;Lathyrus aphaca;303
Lathyrus linifolius;Lathyrus linifolius;304
Lathyrus pratensis;Lathyrus pratensis;305
Lathyrus sylvestris;Lathyrus sylvestris;306
Lathyrus tuberosus;Lathyrus tuberosus;307
Lathyrus vernus;Lathyrus vernus;308
Lavandula angustifolia;Lavandula angustifolia;309
Lemna gibba;Lemna gibba;310
Lemna minor;Lemna minor;311
Lemna trisulca;Lemna trisulca;312
Leontodon hispidus;Leontodon hispidus;313
Lepidium campestre;Lepidium campestre;314
Lepidium draba;Lepidium draba;315
Leucanthemum vulgare;Leucanthemum vulgare;316
Leucojum aestivum;Leucojum aestivum;317
Leucojum vernum;Leucojum vernum;318
Ligustrum vulgare;Ligustrum vulgare;319
Lilium martagon;Lilium martagon;320
Linaria vulgaris;Linaria vulgaris;321
Linum catharticum;Linum catharticum;322
Lonicera periclymenum;Lonicera periclymenum;323
Lonicera xylosteum;Lonicera xylosteum;324
Lotus corniculatus;Lotus corniculatus;325
Lotus maritimus;Lotus maritimus;326
Lotus pedunculatus;Lotus pedunculatus;327
Lunaria rediviva;Lunaria rediviva;328
Lupinus polyphyllus;Lupinus polyphyllus;329
Lychnis flos-cuculi;Lychnis flos-cuculi;330
Anchusa arvensis;Anchusa arvensis;331
Lycopus europaeus;Lycopus europaeus;332
Lysimachia europaea;Lysimachia europaea;333
Lysimachia nummularia;Lysimachia nummularia;334
Lysimachia punctata;Lysimachia punctata;335
Lysimachia thyrsiflora;Lysimachia thyrsiflora;336
Lysimachia vulgaris;Lysimachia vulgaris;337
Lythrum salicaria;Lythrum salicaria;338
Maianthemum bifolium;Maianthemum bifolium;339
Malus sylvestris;Malus sylvestris;340
Malva alcea;Malva alcea;341
Malva moschata;Malva moschata;342
Malva neglecta;Malva neglecta;343
Malva sylvestris;Malva sylvestris;344
Matricaria discoidea;Matricaria discoidea;345
Matricaria recutita;Matricaria recutita;346
Medicago falcata;Medicago falcata;347
Medicago lupulina;Medicago lupulina;348
Medicago sativa;Medicago sativa;349
Melampyrum arvense;Melampyrum arvense;350
Melampyrum pratense;Melampyrum pratense;351
Melampyrum sylvaticum;Melampyrum sylvaticum;352
Melilotus albus;Melilotus albus;353
Melilotus officinalis;Melilotus officinalis;354
Mentha aquatica;Mentha aquatica;355
Mentha arvensis;Mentha arvensis;356
Mentha spicata;Mentha spicata;357
Menyanthes trifoliata;Menyanthes trifoliata;358
Mercurialis annua;Mercurialis annua;359
Mercurialis perennis;Mercurialis perennis;360
Moehringia trinervia;Moehringia trinervia;361
Moneses uniflora;Moneses uniflora;362
Monotropa hypopitys;Monotropa hypopitys;363
Muscari botryoides;Muscari botryoides;364
Muscari neglectum;Muscari neglectum;365
Mycelis muralis;Mycelis muralis;366
Myosotis arvensis;Myosotis arvensis;367
Myosotis scorpioides;Myosotis scorpioides;368
Myosotis sylvatica;Myosotis sylvatica;369
Myosoton aquaticum;Myosoton aquaticum;370
Myriophyllum spicatum;Myriophyllum spicatum;371
Narcissus poeticus;Narcissus poeticus;372
Nasturtium officinale;Nasturtium officinale;373
Neottia nidus-avis;Neottia nidus-avis;374
Neottia ovata;Neottia ovata;375
Neslia paniculata;Neslia paniculata;376
Nuphar lutea;Nuphar lutea;377
Nuphar pumila;Nuphar pumila;378
Nymphaea alba;Nymphaea alba;379
Oenanthe aquatica;Oenanthe aquatica;380
Oenothera biennis;Oenothera biennis;381
Oenothera parviflora;Oenothera parviflora;382
Onobrychis viciifolia;Onobrychis viciifolia;383
Ononis spinosa;Ononis spinosa;384
Ophrys apifera;Ophrys apifera;385
Ophrys fuciflora;Ophrys fuciflora;386
Ophrys insectifera;Ophrys insectifera;387
Ophrys sphegodes;Ophrys sphegodes;388
Orchis mascula;Orchis mascula;389
Orchis militaris;Orchis militaris;390
Orchis pallens;Orchis pallens;391
Origanum vulgare;Origanum vulgare;392
Ornithogalum umbellatum;Ornithogalum umbellatum;393
Orobanche minor;Orobanche minor;394
Orobanche ramosa;Orobanche ramosa;395
Orthilia secunda;Orthilia secunda;396
Oxalis acetosella;Oxalis acetosella;397
Oxalis corniculata;Oxalis corniculata;398
Papaver argemone;Papaver argemone;399
Papaver rhoeas;Papaver rhoeas;400
Paris quadrifolia;Paris quadrifolia;401
Parnassia palustris;Parnassia palustris;402
Pastinaca sativa;Pastinaca sativa;403
Pedicularis palustris;Pedicularis palustris;404
Pedicularis sylvatica;Pedicularis sylvatica;405
Persicaria hydropiper;Persicaria hydropiper;406
Persicaria lapathifolia;Persicaria lapathifolia;407
Persicaria maculosa;Persicaria maculosa;408
Petasites albus;Petasites albus;409
Petasites hybridus;Petasites hybridus;410
Peucedanum oreoselinum;Peucedanum oreoselinum;411
Peucedanum palustre;Peucedanum palustre;412
Phyteuma spicatum;Phyteuma spicatum;413
Picris hieracioides;Picris hieracioides;414
Pilosella officinarum;Pilosella officinarum;415
Pimpinella anisum;Pimpinella anisum;416
Pimpinella major;Pimpinella major;417
Pimpinella saxifraga;Pimpinella saxifraga;418
Pinguicula alpina;Pinguicula alpina;419
Pinguicula vulgaris;Pinguicula vulgaris;420
Plantago lanceolata;Plantago lanceolata;421
Plantago major;Plantago major;422
Plantago media;Plantago media;423
Platanthera bifolia;Platanthera bifolia;424
Platanthera chlorantha;Platanthera chlorantha;425
Polygala amara;Polygala amara;426
Polygala chamaebuxus;Polygala chamaebuxus;427
Polygala comosa;Polygala comosa;428
Polygala vulgaris;Polygala vulgaris;429
Polygonatum multiflorum;Polygonatum multiflorum;430
Polygonatum odoratum;Polygonatum odoratum;431
Polygonatum verticillatum;Polygonatum verticillatum;432
Polygonum aviculare;Polygonum aviculare;433
Portulaca oleracea;Portulaca oleracea;434
Potamogeton crispus;Potamogeton crispus;435
Potamogeton natans;Potamogeton natans;436
Potentilla alba;Potentilla alba;437
Potentilla argentea;Potentilla argentea;438
Potentilla erecta;Potentilla erecta;439
Potentilla pusilla;Potentilla pusilla;440
Potentilla reptans;Potentilla reptans;441
Potentilla sterilis;Potentilla sterilis;442
Prenanthes purpurea;Prenanthes purpurea;443
Primula elatior;Primula elatior;444
Primula farinosa;Primula farinosa;445
Primula veris;Primula veris;446
Prunella grandiflora;Prunella grandiflora;447
Prunella vulgaris;Prunella vulgaris;448
Prunus avium;Prunus avium;449
Prunus padus;Prunus padus;450
Prunus spinosa;Prunus spinosa;451
Pulmonaria officinalis;Pulmonaria officinalis;452
Pulsatilla alpina;Pulsatilla alpina;453
Pulsatilla patens;Pulsatilla patens;454
Pulsatilla pratensis;Pulsatilla pratensis;455
Pulsatilla vernalis;Pulsatilla vernalis;456
Pulsatilla vulgaris;Pulsatilla vulgaris;457
Pyrola media;Pyrola media;458
Pyrola minor;Pyrola minor;459
Pyrola rotundifolia;Pyrola rotundifolia;460
Pyrus communis;Pyrus communis;461
Ranunculus acris;Ranunculus acris;462
Ranunculus arvensis;Ranunculus arvensis;463
Ranunculus auricomus;Ranunculus auricomus;464
Ranunculus bulbosus;Ranunculus bulbosus;465
Ranunculus flammula;Ranunculus flammula;466
Ranunculus fluitans;Ranunculus fluitans;467
Ranunculus lanuginosus;Ranunculus lanuginosus;468
Ranunculus lingua;Ranunculus lingua;469
Ranunculus montanus;Ranunculus montanus;470
Ranunculus repens;Ranunculus repens;471
Ranunculus sceleratus;Ranunculus sceleratus;472
Ranunculus trichophyllus;Ranunculus trichophyllus;473
Raphanus raphanistrum;Raphanus raphanistrum;474
Reseda lutea;Reseda lutea;475
Rhamnus cathartica;Rhamnus cathartica;476
Rhinanthus alectorolophus;Rhinanthus alectorolophus;477
Rhinanthus angustifolius;Rhinanthus angustifolius;478
Rhinanthus minor;Rhinanthus minor;479
Rhododendron ferrugineum;Rhododendron ferrugineum;480
Rhododendron hirsutum;Rhododendron hirsutum;481
Rhododendron tomentosum;Rhododendron tomentosum;482
Ribes alpinum;Ribes alpinum;483
Ribes nigrum;Ribes nigrum;484
Ribes petraeum;Ribes petraeum;485
Ribes uva-crispa;Ribes uva-crispa;486
Robinia pseudoacacia;Robinia pseudoacacia;487
Rorippa amphibia;Rorippa amphibia;488
Rorippa palustris;Rorippa palustris;489
Rorippa sylvestris;Rorippa sylvestris;490
Rosa arvensis;Rosa arvensis;491
Rosa canina;Rosa canina;492
Rosa villosa;Rosa villosa;493
Rubus caesius;Rubus caesius;494
Rubus idaeus;Rubus idaeus;495
Rubus plicatus;Rubus plicatus;496
Rubus saxatilis;Rubus saxatilis;497
Rumex acetosa;Rumex acetosa;498
Rumex acetosella;Rumex acetosella;499
Rumex alpinus;Rumex alpinus;500
Rumex conglomeratus;Rumex conglomeratus;501
Rumex crispus;Rumex crispus;502
Rumex obtusifolius;Rumex obtusifolius;503
Sagina procumbens;Sagina procumbens;504
Sagittaria sagittifolia;Sagittaria sagittifolia;505
Salicornia europaea;Salicornia europaea;506
Salvia pratensis;Salvia pratensis;507
Sambucus nigra;Sambucus nigra;508
Sambucus racemosa;Sambucus racemosa;509
Sanguisorba minor;Sanguisorba minor;510
Sanguisorba officinalis;Sanguisorba officinalis;511
Sanicula europaea;Sanicula europaea;512
Saponaria officinalis;Saponaria officinalis;513
Saxifraga granulata;Saxifraga granulata;514
Saxifraga paniculata;Saxifraga paniculata;515
Scabiosa columbaria;Scabiosa columbaria;516
Scheuchzeria palustris;Scheuchzeria palustris;517
Scilla bifolia;Scilla bifolia;518
Scleranthus annuus;Scleranthus annuus;519
Scorzoneroides autumnalis;Scorzoneroides autumnalis;520
Scrophularia nodosa;Scrophularia nodosa;521
Scrophularia umbrosa;Scrophularia umbrosa;522
Scutellaria galericulata;Scutellaria galericulata;523
Scutellaria minor;Scutellaria minor;524
Securigera varia;Securigera varia;525
Sedum acre;Sedum acre;526
Sedum album;Sedum album;527
Sedum sexangulare;Sedum sexangulare;528
Jacobaea vulgaris;Jacobaea vulgaris;529
Senecio ovatus;Senecio ovatus;530
Senecio viscosus;Senecio viscosus;531
Senecio vulgaris;Senecio vulgaris;532
Serratula tinctoria;Serratula tinctoria;533
Sherardia arvensis;Sherardia arvensis;534
Silaum silaus;Silaum silaus;535
Silene dioica;Silene dioica;536
Silene latifolia;Silene latifolia;537
Silene nutans;Silene nutans;538
Silene viscaria;Silene viscaria;539
Silene vulgaris;Silene vulgaris;540
Sinapis arvensis;Sinapis arvensis;541
Sisymbrium officinale;Sisymbrium officinale;542
Solanum dulcamara;Solanum dulcamara;543
Solanum nigrum;Solanum nigrum;544
Soldanella carpatica;Soldanella carpatica;545
Solidago canadensis;Solidago canadensis;546
Solidago virgaurea;Solidago virgaurea;547
Sonchus arvensis;Sonchus arvensis;548
Sonchus asper;Sonchus asper;549
Sorbus aria;Sorbus aria;550
Sorbus aucuparia;Sorbus aucuparia;551
Sorbus torminalis;Sorbus torminalis;552
Sparganium erectum;Sparganium erectum;553
Spergula arvensis;Spergula arvensis;554
Spirodela polyrrhiza;Spirodela polyrrhiza;555
Stachys germanica;Stachys germanica;556
Stachys officinalis;Stachys officinalis;557
Stachys palustris;Stachys palustris;558
Stachys recta;Stachys recta;559
Stachys sylvatica;Stachys sylvatica;560
Stellaria alsine;Stellaria alsine;561
Stellaria graminea;Stellaria graminea;562
Stellaria holostea;Stellaria holostea;563
Stellaria media;Stellaria media;564
Stellaria nemorum;Stellaria nemorum;565
Succisa pratensis;Succisa pratensis;566
Symphytum officinale;Symphytum officinale;567
Syringa vulgaris;Syringa vulgaris;568
Tanacetum vulgare;Tanacetum vulgare;569
Taraxacum officinale;Taraxacum officinale;570
Teesdalia nudicaulis;Teesdalia nudicaulis;571
Telekia speciosa;Telekia speciosa;572
Teucrium chamaedrys;Teucrium chamaedrys;573
Thalictrum aquilegiifolium;Thalictrum aquilegiifolium;574
Thalictrum flavum;Thalictrum flavum;575
Thesium pyrenaicum;Thesium pyrenaicum;576
Thlaspi arvense;Thlaspi arvense;577
Thlaspi perfoliatum;Thlaspi perfoliatum;578
Thymus serpyllum;Thymus serpyllum;579
Tilia cordata;Tilia cordata;580
Tilia platyphyllos;Tilia platyphyllos;581
Tragopogon pratensis;Tragopogon pratensis;582
Trifolium aureum;Trifolium aureum;583
Trifolium campestre;Trifolium campestre;584
Trifolium medium;Trifolium medium;585
Trifolium montanum;Trifolium montanum;586
Trifolium pratense;Trifolium pratense;587
Trifolium repens;Trifolium repens;588
Trifolium resupinatum;Trifolium resupinatum;589
Tripleurospermum inodorum;Tripleurospermum inodorum;590
Trollius europaeus;Trollius europaeus;591
Turritis glabra;Turritis glabra;592
Tussilago farfara;Tussilago farfara;593
Typha angustifolia;Typha angustifolia;594
Typha latifolia;Typha latifolia;595
Ulex europaeus;Ulex europaeus;596
Ulmus glabra;Ulmus glabra;597
Ulmus laevis;Ulmus laevis;598
Ulmus minor;Ulmus minor;599
Urtica dioica;Urtica dioica;600
Urtica urens;Urtica urens;601
Utricularia vulgaris;Utricularia vulgaris;602
Vaccinium myrtillus;Vaccinium myrtillus;603
Vaccinium oxycoccos;Vaccinium oxycoccos;604
Vaccinium uliginosum;Vaccinium uliginosum;605
Vaccinium vitis-idaea;Vaccinium vitis-idaea;606
Valeriana dioica;Valeriana dioica;607
Valeriana officinalis;Valeriana officinalis;608
Valerianella locusta;Valerianella locusta;609
Veratrum album;Veratrum album;610
Verbascum densiflorum;Verbascum densiflorum;611
Verbascum lychnitis;Verbascum lychnitis;612
Verbascum nigrum;Verbascum nigrum;613
Verbascum phoeniceum;Verbascum phoeniceum;614
Verbascum thapsus;Verbascum thapsus;615
Verbena officinalis;Verbena officinalis;616
Veronica anagallis-aquatica;Veronica anagallis-aquatica;617
Veronica arvensis;Veronica arvensis;618
Veronica austriaca;Veronica austriaca;619
Veronica beccabunga;Veronica beccabunga;620
Veronica chamaedrys;Veronica chamaedrys;621
Veronica hederifolia;Veronica hederifolia;622
Veronica officinalis;Veronica officinalis;623
Veronica persica;Veronica persica;624
Veronica triphyllos;Veronica triphyllos;625
Viburnum lantana;Viburnum lantana;626
Viburnum opulus;Viburnum opulus;627
Vicia cracca;Vicia cracca;628
Vicia sepium;Vicia sepium;629
Vicia tetrasperma;Vicia tetrasperma;630
Vinca minor;Vinca minor L.;631
Vincetoxicum hirundinaria;Vincetoxicum hirundinaria;632
Viola biflora;Viola biflora;633
Viola canina;Viola canina;634
Viola hirta;Viola hirta;635
Viola odorata;Viola odorata;636
Viola palustris;Viola palustris;637
Viola reichenbachiana;Viola reichenbachiana;638
Viola tricolor;Viola tricolor;639
Viscum album;Viscum album;640
Crocosmia aurea;Crocosmia aurea;641
Agave americana;Agave americana;642
Argemone mexicana;Argemone mexicana;643
Lupinus texensis;Lupinus texensis;644
Ratibida columnifera;Ratibida columnifera;645
Nothoscordum bivalve;Nothoscordum bivalve;646
Gaillardia pulchella;Gaillardia pulchella;647
Calyptocarpus vialis;Calyptocarpus vialis;648
Tulipa sylvestris;Tulipa sylvestris;649
Leontopodium nivale;Leontopodium nivale;650
Eranthis hyemalis;Eranthis hyemalis;651
Oxalis violacea;Oxalis violacea;652
Oxalis stricta;Oxalis stricta;653
Geranium carolinianum;Geranium carolinianum;654
Oenothera speciosa;Oenothera speciosa;655
Rudbeckia amplexicaulis;Rudbeckia amplexicaulis;656
Glandularia bipinnatifida;Glandularia bipinnatifida;657
Triodanis perfoliata;Triodanis perfoliata;658
Pseudofumaria lutea;Pseudofumaria lutea;659
Aconitum lycoctonum;Aconitum lycoctonum;660
Nymphaea caerulea;Nymphaea caerulea;661
Melissa officinalis;Melissa officinalis;662
Jacaranda mimosifolia;Jacaranda mimosifolia;663
Monarda citriodora;Monarda citriodora;664
Magnolia grandiflora;Magnolia grandiflora;665
Callirhoe involucrata;Callirhoe involucrata;666
Ruellia caroliniensis;Ruellia caroliniensis;667
Coreopsis lanceolata;Coreopsis lanceolata;668
Albizia julibrissin;Albizia julibrissin;669
Mimosa strigillosa;Mimosa strigillosa;670
Trachelospermum jasminoides;Trachelospermum jasminoides;671
Castilleja indivisa;Castilleja indivisa;672
Phlox drummondii;Phlox drummondii;673
Eustoma exaltatum;Eustoma exaltatum;674
Rudbeckia hirta;Rudbeckia hirta;675
Liatris punctata;Liatris punctata;676
Melampodium leucanthum;Melampodium leucanthum;677
Sisyrinchium angustifolium;Sisyrinchium angustifolium;678
Argemone albiflora;Argemone albiflora;679
Plectocephalus americanus;Plectocephalus americanus;680
Helianthus annuus;Helianthus annuus;681
Helianthus maximiliani;Helianthus maximiliani;682
Helianthus angustifolius;Helianthus angustifolius;683
Eryngium leavenworthii;Eryngium leavenworthii;684
Ipomoea imperati;Ipomoea imperati;685
Zephyranthes drummondii;Zephyranthes drummondii;686
Erigeron philadelphicus;Erigeron philadelphicus;687
Opuntia aciculata;Opuntia aciculata;688
Asclepias tuberosa;Asclepias tuberosa;689
Tradescantia virginiana;Tradescantia virginiana;690
Physostegia virginiana;Physostegia virginiana;691
Hymenocallis liriosme;Hymenocallis liriosme;692
Lantana urticoides;Lantana urticoides;693
Malvaviscus arboreus;Malvaviscus arboreus;694
Cephalanthus occidentalis;Cephalanthus occidentalis;695
Berlandiera lyrata;Berlandiera lyrata;696
Hesperaloe parviflora;Hesperaloe parviflora;697
Justicia americana;Justicia americana;698
Sagittaria latifolia;Sagittaria latifolia;699
Sagittaria platyphylla;Sagittaria platyphylla;700
Alternanthera philoxeroides;Alternanthera philoxeroides;701
Froelichia floridana;Froelichia floridana;702
Saururus cernuus;Saururus cernuus;703
Malvastrum coromandelianum;Malvastrum coromandelianum;704
Nelumbo lutea;Nelumbo lutea;705
Bacopa monnieri;Bacopa monnieri;706
Linum lewisii;Linum lewisii;707
Kosteletzkya virginica;Kosteletzkya virginica;708
Rhexia mariana;Rhexia mariana;709
Proboscidea louisianica;Proboscidea louisianica;710
Phyla nodiflora;Phyla nodiflora;711
Eucnide bartonioides;Eucnide bartonioides;712
Solanum carolinense;Solanum carolinense;713
Teucrium cubense;Teucrium cubense;714
Trifolium incarnatum;Trifolium incarnatum;715
Liatris squarrosa;Liatris squarrosa;716
Bidens frondosa;Bidens frondosa;717
Ambrosia trifida;Ambrosia trifida;718
Asclepias syriaca;Asclepias syriaca;719
Chelone lyonii;Chelone lyonii;720
Anaphalis margaritacea;Anaphalis margaritacea;721
Arisaema triphyllum;Arisaema triphyllum;722
Artemisia tridentata;Artemisia tridentata;723
Asarum canadense;Asarum canadense;724
Moricandia arvensis;Moricandia arvensis;725
Campsis radicans;Campsis radicans;726
Chamaecrista fasciculata;Chamaecrista fasciculata;727
Celastrus scandens;Celastrus scandens;728
Chamaelirium luteum;Chamaelirium luteum;729
Citrus sinensis;Citrus sinensis;730
Cornus canadensis;Cornus canadensis;731
Cornus florida;Cornus florida;732
Crataegus mollis;Crataegus mollis;733
Crataegus succulenta;Crataegus succulenta;734
Cuscuta gronovii;Cuscuta gronovii;735
Vincetoxicum nigrum;Vincetoxicum nigrum;736
Cypripedium acaule;Cypripedium acaule;737
Cypripedium parviflorum;Cypripedium parviflorum;738
Cypripedium reginae;Cypripedium reginae;739
Dicentra cucullaria;Dicentra cucullaria;740
Dionaea muscipula;Dionaea muscipula;741
Echinacea purpurea;Echinacea purpurea;742
Epifagus virginiana;Epifagus virginiana;743
Epigaea repens;Epigaea repens;744
Eschscholzia californica;Eschscholzia californica;745
Conoclinium coelestinum;Conoclinium coelestinum;746
Fragaria virginiana;Fragaria virginiana;747
Gaultheria procumbens;Gaultheria procumbens;748
Gelsemium sempervirens;Gelsemium sempervirens;749
Gentiana andrewsii;Gentiana andrewsii;750
Gentianopsis crinita;Gentianopsis crinita;751
Geranium maculatum;Geranium maculatum;752
Hamamelis virginiana;Hamamelis virginiana;753
Heuchera sanguinea;Heuchera sanguinea;754
Hibiscus moscheutos;Hibiscus moscheutos;755
Hypericum frondosum;Hypericum frondosum;756
Impatiens pallida;Impatiens pallida;757
Iris versicolor;Iris versicolor;758
Kalmia angustifolia;Kalmia angustifolia;759
Kalmia latifolia;Kalmia latifolia;760
Lewisia rediviva;Lewisia rediviva;761
Lilium grayi;Lilium grayi;762
Linum medium;Linum medium;763
Lobelia cardinalis;Lobelia cardinalis;764
Berberis aquifolium;Berberis aquifolium;765
Menispermum canadense;Menispermum canadense;766
Mitchella repens;Mitchella repens;767
Monarda media;Monarda media;768
Monarda fistulosa;Monarda fistulosa;769
Nymphaea odorata;Nymphaea odorata;770
Panax trifolius;Panax trifolius;771
Parthenocissus quinquefolia;Parthenocissus quinquefolia;772
Passiflora incarnata;Passiflora incarnata;773
Pedicularis canadensis;Pedicularis canadensis;774
Phoradendron leucarpum;Phoradendron leucarpum;775
Phytolacca americana;Phytolacca americana;776
Plantago rugelii;Plantago rugelii;777
Polygala lutea;Polygala lutea;778
Polygaloides paucifolia;Polygaloides paucifolia;779
Prunus americana;Prunus americana;780
Prunus serotina;Prunus serotina;781
Rhus glabra;Rhus glabra;782
Rhus typhina;Rhus typhina;783
Rosa carolina;Rosa carolina;784
Rubus odoratus;Rubus odoratus;785
Sabatia angularis;Sabatia angularis;786
Salix discolor;Salix discolor;787
Sambucus canadensis;Sambucus canadensis;788
Sanguisorba canadensis;Sanguisorba canadensis;789
Sarracenia purpurea;Sarracenia purpurea;790
Scutellaria integrifolia;Scutellaria integrifolia;791
Sidalcea malviflora;Sidalcea malviflora;792
Ipomoea cordatotriloba;Ipomoea cordatotriloba;793
Caesalpinia pulcherrima;Caesalpinia pulcherrima;794
Veronica serpyllifolia;Veronica serpyllifolia;795
Amaranthus hybridus;Amaranthus hybridus;796
Rhodiola rosea;Rhodiola rosea;797
Doronicum austriacum;Doronicum austriacum;798
Symphyotrichum laeve;Symphyotrichum laeve;799
Symphyotrichum novi-belgii;Symphyotrichum novi-belgii;800
Symphyotrichum novae-angliae;Symphyotrichum novae-angliae;801
Symphyotrichum lanceolatum;Symphyotrichum lanceolatum;802
Adonis flammea;Adonis flammea;803
Adonis annua;Adonis annua;804
Clematis integrifolia;Clematis integrifolia;805
Clematis recta;Clematis recta;806
Clematis tangutica;Clematis tangutica;807
Clematis viticella;Clematis viticella;808
Clematis crispa;Clematis crispa;809
Paeonia suffruticosa;Paeonia suffruticosa;810
Paeonia officinalis;Paeonia officinalis;811
Paeonia mascula;Paeonia mascula;812
Paeonia lactiflora;Paeonia lactiflora;813
Paeonia delavayi;Paeonia delavayi;814
Callianthemum coriandrifolium;Callianthemum coriandrifolium;815
Callianthemum anemonoides;Callianthemum anemonoides;816
Callianthemum angustifolium;Callianthemum angustifolium;817
Helleborus purpurascens;Helleborus purpurascens;818
Calendula arvensis;Calendula arvensis;819
Calendula officinalis;Calendula officinalis;820
Nigella arvensis;Nigella arvensis;821
Nigella damascena;Nigella damascena;822
Nigella sativa;Nigella sativa;823
Isopyrum thalictroides;Isopyrum thalictroides;824
Actaea europaea;Actaea europaea;825
Consolida ajacis;Consolida ajacis;826
Consolida orientalis;Consolida orientalis;827
Delphinium elatum;Delphinium elatum;828
Delphinium oxysepalum;Delphinium oxysepalum;829
Aconitum anthora;Aconitum anthora;830
Aconitum firmum;Aconitum firmum;831
Aconitum moldavicum;Aconitum moldavicum;832
Aconitum variegatum;Aconitum variegatum;833
Aconitum lasiocarpum;Aconitum lasiocarpum;834
Aesculus flava;Aesculus flava;835
Aesculus glabra;Aesculus glabra;836
Aesculus hippocastanum;Aesculus hippocastanum;837
Aesculus parviflora;Aesculus parviflora;838
Aesculus pavia;Aesculus pavia;839
Amorpha canescens;Amorpha canescens;840
Amorpha fruticosa;Amorpha fruticosa;841
Veronica longifolia;Veronica longifolia;842
Cardamine hirsuta;Cardamine hirsuta;843
Potentilla norvegica;Potentilla norvegica;844
Youngia japonica;Youngia japonica;845
Bougainvillea glabra;Bougainvillea glabra;846
Mirabilis jalapa;Mirabilis jalapa;847
Mirabilis nyctaginea;Mirabilis nyctaginea;848
Dermatophyllum secundiflorum;Dermatophyllum secundiflorum;849
Prunus caroliniana;Prunus caroliniana;850
Prunus dulcis;Prunus dulcis;851
Thymus vulgaris;Thymus vulgaris;852
Rosmarinus officinalis;Rosmarinus officinalis;853
Melampyrum nemorosum;Melampyrum nemorosum;854
Anemone berlandieri;Anemone berlandieri;855
Paulownia tomentosa;Paulownia tomentosa;856
Melampyrum cristatum;Melampyrum cristatum;857
Melampyrum barbatum;Melampyrum barbatum;858
Nemophila menziesii;Nemophila menziesii;859
Oenothera laciniata;Oenothera laciniata;860
Vicia villosa;Vicia villosa;861
Senecio ampullaceus;Senecio ampullaceus;862
Salvia lyrata;Salvia lyrata;863
Phlox pilosa;Phlox pilosa;864
Phlox amplifolia;Phlox amplifolia;865
Phlox divaricata;Phlox divaricata;866
Phlox glaberrima;Phlox glaberrima;867
Phlox paniculata;Phlox paniculata;868
Phlox subulata;Phlox subulata;869
Lithospermum incisum;Lithospermum incisum;870
Hypoxis hirsuta;Hypoxis hirsuta;871
Baptisia bracteata;Baptisia bracteata;872
Lindheimera texana;Lindheimera texana;873
Brassica rapa;Brassica rapa;874
Sisyrinchium bellum;Sisyrinchium bellum;875
Cirsium horridulum;Cirsium horridulum;876
Cuscuta europaea;Cuscuta europaea;877
Mentha longifolia;Mentha longifolia;878
Geranium pyrenaicum;Geranium pyrenaicum;879
Gentianella germanica;Gentianella germanica;880
Cirsium eriophorum;Cirsium eriophorum;881
Galega officinalis;Galega officinali;882
Galeopsis angustifolia;Galeopsis angustifolia;883
Galeopsis ladanum;Galeopsis ladanum;884
Melittis melissophyllum;Melittis melissophyllum;885
Thymus pulegioides;Thymus pulegioides;886
Orobanche caryophyllacea;Orobanche caryophyllacea;887
Neotinea ustulata;Neotinea ustulata;888
Orchis purpurea;Orchis purpurea;889
Hyacinthus orientalis;Hyacinthus orientalis;890
Lonicera sempervirens;Lonicera sempervirens;891
Hymenopappus scabiosaeus;Hymenopappus scabiosaeus;892
Acca sellowiana;Acca sellowiana;893
Trapa natans;Trapa natans;894
Stratiotes aloides;Stratiotes aloides;895
Reynoutria japonica;Reynoutria japonica;896
Erigeron annuus;Erigeron annuus;897
Nerium oleander;Nerium oleander;898
Mazus pumilus;Mazus pumilus;899
Bergenia crassifolia;Bergenia crassifolia;900
Viola mandshurica;Viola mandshurica;901
Bidens pilosa;Bidens pilosa;902
Verbena brasiliensis;Verbena brasiliensis;903
Verbena halei;Verbena halei;904
Sabatia campestris;Sabatia campestris;905
Romneya coulteri;Romneya coulteri;906
Commelina erecta;Commelina erecta;907
Neptunia plena;Neptunia plena;908
Hyacinthoides non-scripta;Hyacinthoides non-scripta;909
Indigofera miniata;Indigofera miniata;910
Strophostyles helvola;Strophostyles helvola;911
Cakile maritima;Cakile maritima;912
Oenothera drummondii;Oenothera drummondii;913
Phacelia tanacetifolia;Phacelia tanacetifolia;914
Pulmonaria obscura;Pulmonaria obscura;915
Phyteuma nigrum;Phyteuma nigrum;916
Phyteuma orbiculare;Phyteuma orbiculare;917
Echinops sphaerocephalus;Echinops sphaerocephalus;918
Salvia verticillata;Salvia verticillata;919
Cymbalaria muralis;Cymbalaria muralis;920
Globularia punctata;Globularia punctata;921
Bunias orientalis;Bunias orientalis;922
Helianthus tuberosus;Helianthus tuberosus;923
Carlina vulgaris;Carlina vulgaris;924
Salvia glutinosa;Salvia glutinosa;925
Utricularia australis;Utricularia australis;926
Phalaenopsis sanderiana;Phalaenopsis sanderiana;927
Lagerstroemia indica;Lagerstroemia indica;928
Dianthus barbatus;Dianthus barbatus;929
Ostrya carpinifolia;Ostrya carpinifolia;930
Ruellia simplex;Ruellia simplex;931
Oenothera lindheimeri;Oenothera lindheimeri;932
Leucophyllum frutescens;Leucophyllum frutescens;933
Swertia perennis;Swertia perennis;934
Tecoma stans;Tecoma stans;935
Chrysosplenium oppositifolium;Chrysosplenium oppositifolium;936
Vitex agnus-castus;Vitex agnus-castus;937
Ambrosia artemisiifolia;Ambrosia artemisiifolia;938
Himantoglossum hircinum;Himantoglossum hircinum;939
Ipomoea violacea;Ipomoea violacea;940
Datura innoxia;Datura innoxia;941
Argyranthemum frutescens;Argyranthemum frutescens;942
Salvia officinalis;Salvia officinalis;943
Nepeta cataria;Nepeta cataria;944
Nepeta nepetella;Nepeta nepetella;945
Commelina communis;Commelina communis;946
Duranta erecta;Duranta erecta;947
Tropaeolum majus;Tropaeolum majus;948
Ruta graveolens;Ruta graveolens;949
Lepidium virginicum;Lepidium virginicum;950
Borago officinalis;Borago officinalis;951
Zeuxine strateumatica;Zeuxine strateumatica;952
Balsamorhiza sagittata;Balsamorhiza sagittata;953
Hypochaeris radicata;Hypochaeris radicata;954
Hibiscus rosa-sinensis;Hibiscus rosa-sinensis;955
Euryops pectinatus;Euryops pectinatus;956
Chamaemelum nobile;Chamaemelum nobile;957
Gerbera jamesonii;Gerbera jamesonii;958
Scilla luciliae;Scilla luciliae;959
Callistephus chinensis;Callistephus chinensis;960
Marrubium vulgare;Marrubium vulgare;961
Sonchus oleraceus;Sonchus oleraceus;962
Oenothera fruticosa;Oenothera fruticosa;963