Abelmoschus esculentus;bame;
Abies alba;brad;
Abutilon theophrasti;pristolnic;teişor
Acanthus hungaricus;talpa ursului;
Acer campestre;jugastru;
Acer campestre;jugastru;
Acer monspessulanum;jugastru de Banat;
Acer negundo;arţar american;
Acer platanoides;paltin de câmp;arţar
Acer pseudoplatanus;paltin de munte;
Acer saccharinum;paltin argintiu;
Acer tataricum;arţar tătărăsc;gladiş
Achillea collina;şoricină;
Achillea crithmifolia;limbricariţă;
Achillea distans;coada şoricelului;
Achillea distans;coada şoricelului;
Achillea distans;coada şoricelului;
Achillea distans;coada şoricelului;
Achillea millefolium;coada şoricelului;
Achillea millefolium;coada şoricelului;
Achillea nobilis;coada şoricelului;
Achillea oxyloba;romaniţă de munte;
Achillea ptarmica;rotoţele albe;
Achillea salicifolia;strănutătoare;
Achillea seidlii;coada şoricelului;
Achillea setacea;coada şoricelului;
Clinopodium vulgare;apărătoare;
Aconitum anthora;omag galben;
Aconitum tauricum;omag;
Aconitum variegatum;omag răsfirat;
Aconitum vulparia;omagul lupului;omag galben
Acorus calamus;obligeană;trestie mirositoare
Actaea spicata;orbalţ;iarba Sfantului Cristofor
Adenophora liliifolia;clopoţel cu frunze de crin;
Adenostyles alliariae;ciucuraşi;
Adenostyles alliariae;ciucuraşi;
Adonis aestivalis;cocoşei de câmp;
Adonis annua;ruscuţă tomnatică;cocoşel tomnatic
Adonis flammea;ruscuţă;
Adonis aestivalis;cocoşei de câmp;
Adonis vernalis;ruscuţă de primăvară;
Adoxa moschatellina;frăguţă;
Aegilops cylindrica;ciucure;
Aegopodium podagraria;piciorul caprei;
Aesculus carnea;castan roşu;
Aesculus flava;castan galben;
Aesculus hippocastanum;castan porcesc;
Aethionema saxatile;tăşculiţă;
Aethusa cynapium;pătrunjelul câinelui;
Agrimonia eupatoria;turiţă mare;
Agrimonia eupatoria;turiţă mare;
Agrimonia pilosa;turiţă;
Agropyron cristatum;pir crestat;
Agropyron cristatum;pir crestat;
Agropyron cristatum;pir crestat;
Agropyron cristatum;pir crestat;
Agrostemma githago;neghină;
Agrostis canina;bucăţel;
Agrostis capillaris;iarba vântului;
Agrostis capillaris;iarba vântului;
Agrostis capillaris;iarba vântului;
Agrostis gigantea;iarba câmpului;
Agrostis rupestris;iarba stâncilor;
Agrostis stolonifera;iarba câmpului;
Agrostis vinealis;iarba câmpului;
Ailanthus altissima;cenuşer;
Ajuga chamaepytis;tămâiţă de câmp;
Ajuga chamaepytis;tămâiţă de câmp;
Ajuga genevensis;suliman;
Ajuga laxmannii;barba boierului;
Ajuga reptans;vineţică;
Ornithogalum boucheanum;luşcă;
Alcea pallida;nalbă albă;
Alcea rosea;nalbă de grădină;
Alchemilla acutiloba;creţişoară;creţişoare
Aldrovanda vesiculosa;otrăţel;
Alisma plantago-aquatica;limbariţă;
Alliaria petiolata;usturoiţă;
Allium ampeloprasum;ceapă de vară;usturoi de Albania
Allium ascalonicum;şalotă;haşmă
Allium atropurpureum;ai negru;
Allium cepa;ceapă;
Allium denudatum;aişor;
Allium ericetorum;ai sălbatic;
Allium fistulosum;ceapă de iarnă;
Allium flavum;hajmă păsărească;
Allium flavum;hajmă păsărească;
Allium lusitanicum;floarea raiului;
Allium obliquum;ceapa morarului;usturoi siberian
Allium oleraceum;ai sălbatic;
Allium porrum;praz;
Allium rotundum;pur;
Allium sativum;usturoi;
Allium schoenoprasum;ceapă de tuns;
Allium schoenoprasum;chisărău;
Allium scorodoprasum;aiul şarpelui;
Allium ursinum;leurdă;
Allium victorialis;ceapă de munte;ai de munte
Alnus alnobetula;arin de munte;anin de munte
Alnus glutinosa;arin negru;anin negru
Alnus incana;arin alb;anin alb
Aloperculus aequalis;poponete;
Aloperculus myosuroides;coada vulpii;
Aloperculus pratensis;coada vulpii de munte;
Aloperculus pratensis;coada vulpii;
Althaea cannabina;camileac;
Althaea officinalis;nalbă mare;
Althaea taurinensis;nalbă mare;
Lavatera thuringiaca;salvie moale;nalbă
Alyssum alyssoides;albiţă;ciucuşoară
Alyssum borzaeanum;ciucuşoară de mare;
Alyssum desertorum;bărbişoară;
Alyssum linifolium;ciucuşoară;
Alyssum minutum;bărbişoară;
Alyssum montanum;ciucuşoară;
Alyssum montanum;ciucuşoară;
Alyssum repens;cuişoară;ciucuşoară de munte
Alyssum montanum;ciucuşoară;
Alyssum montanum;ciucuşoară;
Amaranthus albus;ştir alb;
Amaranthus blitoides;ştir târâtor;
Amaranthus blitum;ştir verde;
Amaranthus crispus;ştir creţ;
Amaranthus cruentus;ştir roşu;
Amaranthus hybridus;ştir de ogoare;
Amaranthus quitensis;ştir ecuadorian;
Amaranthus retroflexus;ştir;ştir sălbatic
Amaranthus viridis;ştir prost;
Ambrosia artemisiifolia;ambrozie;
Amorpha fruticosa;salcâm mic;
Anacamptis coriophora;ploşniţoasă;
Anacamptis morio;untul vacii;
Anacamptis palustris;bujori;
Anacamptis papilionacea;gemănariţă;
Anagallis arvensis;scânteiuţă;
Anagallis minima;ochişor;
Anchusa arvensis;ochiul lupului;
Anchusa arvensis;ochiul lupului;
Anchusa officinalis;miruţă;limba boului
Anchusa procera;miruţă;limba boului
Andromeda polifolia;ruginare;
Sorghum halepense;costrei;
Androsace chamaejasme;lăptişor;
Androsace lactea;laptele stâncii;laptele stâncăriii
Adonis aestivalis;cocoşei de câmp;
Pulsatilla alba;sisinei de munte;
Hepatica nobilis;trei răi;popilnic iepuresc
Anemone montana;dediţel plecat;
Anemone narcissiflora;oiţe;
Anemone narcissiflora;oiţe;
Anemone nemorosa;floarea Paştilor;
Anemone patens;dediţel vânăt;
Anemone ranunculoides;păştiţă;
Anemone sylvestris;oiţe;
Hepatica transsilvanica;crucea voinicului;
Hepatica nobilis;trei răi;popilnic iepuresc
Anethum graveolens;mărar;
Angelica archangelica;angelică;
Angelica palustris;angelică de baltă;
Anisantha tectorum;obsigă;
Antennaria dioica;parpian;siminic
Anthemis arvensis;romaniţă de câmp;
Anthemis cretica;romoniţă de munte;
Anthemis cotula;romaniţă puturoasă;
Anthemis cretica;romoniţă de munte;
Anthemis cretica;romoniţă de munte;
Anthemis cretica;romoniţă de munte;
Anthemis cretica;romoniţă de munte;
Anthoxanthum odoratum;viţelar;
Anthriscus caucalis;asmăţui;
Anthriscus cerefolium;asmăţui (haţmaţuchi) de grădină;
Anthriscus nemorosa;asmăţui de pădure;
Anthriscus nitida;asmăţui de munte;
Anthriscus sylvestris;haşmaciucă;
Anthurium andreanum;floarea flamingo;
Anthurium scherzerianum;floarea flamingo;
Anthyllis vulneraria;vătămătoare;
Anthyllis vulneraria;vătămătoare;
Anthyllis vulneraria;vătămătoare;
Anthyllis vulneraria;vătămătoare;
Cymbalaria muralis;floarea miresei;
Apera spica-venti;iarba vântului;
Apera spica-venti;iarba vântului;
Aphanes arvensis;creţişoare;
Apium graveolens;ţelină;
Aposeris foetida;crestată;
Aquilegia nigricans;căldăruşă;cinci clopoţei
Aquilegia nigricans;căldăruşă;cinci clopoţei
Aquilegia transsilvanica;căldăruşă transilvăneană;
Aquilegia vulgaris;căldăruşă;cinci clopoţei
Arabidopsis arenosa;frigurele;
Arabidopsis arenosa;frigurele;
Arabidopsis thaliana;gâscariţă;
Arabis alpina;gâscariţă;
Arabis hirsuta;gâscariţă;
Arabis turrita;bărbuşoară de munte;
Arctium lappa;brusture;
Arctium minus;brusture;
Arctium tomentosum;brusture;
Arctostaphylos uva-ursi;strugurii ursului;
Arenaria serpyllifolia;studeniţă;
Arenaria serpyllifolia;studeniţă;
Aristolochia clematitis;mărul lupului;cucurbeţică
Armeria maritima;jimla Ţării Bârsei;
Armeria maritima;jimla Ţării Bârsei;
Armeria maritima;jimla Ţării Bârsei;
Armeria maritima;jimlă;
Armoracia rusticana;hrean;
Arnica montana;arnică;
Arrhenatherum elatius;ovăscior;
Arrhenatherum elatius;ovăscior;
Artemisia abrotanum;lemnul Domnului;
Artemisia absinthium;pelin;
Artemisia annua;năfurică;
Artemisia austriaca;peliniţă;
Artemisia campestris;pelin nemirositor;
Artemisia campestris;pelin nemirositor;
Artemisia campestris;pelin nemirositor;
Artemisia dracunculus;tarhon;
Artemisia scoparia;pelin de mături;
Artemisia umbelliformis;pelin;
Artemisia vulgaris;pelinariţă;
Arum maculatum;rodul pământului;
Arum orientale;rodul pământului;
Aruncus dioicus;barba popii;
Asarum europaeum;piperul lupului;pochivnic
Asparagus officinallis;sparanghel;
Asparagus pseudoscaber;umbra iepurelui;
Asparagus tenuifolius;umbra iepurelui;sparanghel sălbatic
Asperugo procumbens;lipicioasă;
Asperula capitata;sânziene de munte;
Asperula arvensis;lipitoare;
Asperula capitata;sânziene de munte;
Asperula cynanchica;lipitoare;
Asperula purpurea;sânziene roşii;
Asperula taurina;steluţe;
Asperula tinctoria;lipitoare de vopsit;
Asphodeline lutea;ai de pădure;
Asplenium adiantum-nigrum;părul Maicii Domnului;
Asplenium adulterinum;feriguţă;
Asplenium onopteris;feriguţă;
Asplenium ruta-muraria;ruginiţă;
Asplenium scolopendrium;năvalnic;limba cerbului
Asplenium trichomanes-ramosum;pocitoc;
Asplenium trichomanes;straşnic;
Asplenium trichomanes;straşnic;
Aster alpinus;ochiul boului;
Aster amellus;steliţă vânătă;
Aster alpinus;ochiul boului;
Aster alpinus;ochiul boului;
Aster alpinus;ochiul boului;
Astragalus alpinus;chituluş;
Astragalus australis;piatră-linte;
Astragalus cicer;cosaci;
Astragalus dasyanthus;zăvăcustă;
Astragalus glycyphyllos;unghia găii;
Astragalus monspessulanus;unghia găii roşie;
Astragalus onobrychis;cosaci;
Astragalus pseudopurpureus;cosaci bicăzean;
Astragalus varius;cosaci de nisipuri;
Astrantia major;ştevie de munte;
Astrantia major;ştevie de munte;
Athamanta turbith;brie;
Athyrium filix-femina;spinarea lupului;
Atriplex hortensis;lobodă de grădină;
Atriplex littoralis;căpriţă;
Atriplex oblongifolia;lobodă porcească;
Atriplex patula;lobodă;
Atriplex rosea;lobodă;
Atriplex sagittata;lobodă de drumuri;
Atriplex tatarica;lobodă sălbatică;
Atropa belladonna;mătrăgună;
Aurinia saxatilis;bărbişoară;
Aurinia saxatilis;bărbişoară;
Avena fatua;odos;
Avena sativa;ovăz;
Avenella flexuosa;păiuş;
Avenula pubescens;ovăscior;
Avenula pubescens;ovăscior;
Ballota nigra;cătuşe;
Ballota nigra;cătuşe;
Barbarea stricta;cruşeţea;
Barbarea vulgaris;cruşăţea;
Bartsia alpina;bursucă;
Bassia prostrata;iarbă vântoasă;
Bassia scoparia;mături de grădină;
Beckmannia eruciformis;ierboi de bahnă;
Bellis perennis;bănuţei;părăluţe
Berberis vulgaris;dracilă;
Berteroa incana;ciucuşoară;
Berula erecta;cosişel;
Beta trigyna;sfecla sălbatică;
Beta vulgaris;sfecla de cultură;
Betula humilis;mestecănaş;
Betula nana;mesteacăn pitic;
Betula pendula;mesteacăn;
Betula pubescens;mesteacăn pufos;
Betula pubescens;mesteacăn pufos;
Bidens cernuus;cârligioare;
Bidens tripartitus;dentiţă;
Bifora radians;puciognă;
Biscutella laevigata;ochelariţă;
Biscutella laevigata;ochelariţă;
Blechnum spicant;scăriţa muntelui;
Bolboschoenus maritimus;rogoz;şovar
Borago officinalis;limba mielului;
Bothriochloa ischaemum;bărboasă;
Botrychium lunaria;limba cucului;
Brassica elongata;muştar alb sălbatic;
Brassica elongata;muştar alb sălbatic;
Brassica juncea;muştar sălbatic;
Brassica napus;napi;
Brassica nigra;muştar negru;
Brassica oleracea;varză;
Brassica rapa;rapiţă sălbatică;
Briza media;tremurătoare;
Bromopsis inermis;obsigă nearistată;
Bromus secalinus;secărea;
Bruckenthalia spiculifolia;coacăză;
Bryonia alba;mutătoare;
Buglossoides arvensis;mei păsăresc;
Buglossoides arvensis;mei păsăresc;
Buglossoides glandulosa;mărgeluşe;
Buglossoides purpurocaerulea;mărgeluşe;
Bunias orientalis;brăbin;
Bupleurum falcatum;urechea iepurelui;
Bupleurum falcatum;urechea iepurelui;
Bupleurum falcatum;urechea iepurelui;
Bupleurum rotundifolium;urechea iepurelui;
Butomus umbellatus;crin de baltă;roşăţea
Calamagrostis arundinacea;trestioară;trestie de câmp
Calamagrostis epigejos;trestioară;trestie de câmp
Calamagrostis pseudophragmites;trestioară;trestie de câmp
Calamagrostis villosa;trestioară;
Clinopodium vulgare;apărătoare;
Clinopodium vulgare;apărătoare;
Calendula arvensis;filimică;
Calendula officinalis;filimică;gălbenele
Calibrachoa parviflora;petunie de nisip;
Calla palustris;coada smeului;
Callianthemum coriandrifolium;zânişoară;
Callitriche cophocarpa;drenţe;
Callitriche palustris;drenţe;
Calluna vulgaris;iarbă neagră;
Caltha palustris;calcea calului;
Calystegia sepium;cupa vacii;
Calystegia silvatica;cupa vacii de pădure;
Camelina alyssum;lubiţul inului;oul inului
Camelina sativa;lubiţ;
Campanula abietina;clopoţei;
Campanula alpina;clopoţei de munte;
Campanula alpina;clopoţei de munte;
Campanula alpina;clopoţei de munte;
Campanula bononiensis;clopoţei;
Campanula transsilvanica;clopoţei transilvăneni;
Campanula carpatica;cădelniţă;
Campanula alpina;clopoţei de munte;
Campanula glomerata;ciucurea;ciucure
Campanula glomerata;ciucurea;ciucure
Campanula glomerata;ciucurea;ciucure
Campanula glomerata;ciucurea;ciucure
Campanula glomerata;ciucurea;ciucure
Campanula glomerata;ciucurea;ciucure
Campanula kladniana;clopoţei de stâncă;
Campanula macrostachya;clopoţei;
Campanula medium;clopoţei de grădină;
Campanula patula;cupa oii;
Campanula persicifolia;clopoţei;
Campanula rapunculoides;clopoţei;
Campanula rapunculus;clopoţei;
Campanula carpatica;cădelniţă;
Campanula romanica;clopoţel dobrogean;
Campanula rotundifolia;albăstrică;
Campanula serrata;clopoţel;
Campanula sibirica;clopoţei siberieni;
Campanula transsilvanica;clopoţei transilvăneni;
Campanula trachelium;clopoţei cu frunze de urzică;bulbuci
Campanula transsilvanica;clopoţei transilvăneni;
Campanula trachelium;clopoţei cu frunze de urzică;bulbuci
Camphorosma annua;peliniţă;
Camphorosma monspeliaca;glodurariţă;
Cannabis sativa;cânepă;
Capsella bursa-pastoris;traista ciobanului;
Capsicum annuum;ardei;
Caragana arborescens;tufă lemnoasă;
Cardamine amara;stupitul cucului;
Cardamine bulbifera;colţişor;
Cardamine dentata;stupitul cucului;
Cardamine flexuosa;râjnică;
Cardamine glanduligera;breabăn;
Cardamine hirsuta;râjnică;
Cardamine impatiens;râjnică;
Cardamine pratensis;stupitul cucului;
Cardamine pratensis;stupitul cucului;
Cardamine pratensis;stupitul cucului;
Cardamine quinquefolia;colţişor;
Cardaria draba;urda vacii;
Carduus crispus;pălămidă;
Carduus crispus;pălămidă;
Carduus defloratus;volovatic de munte;
Carduus hamulosus;armirai sălbatic;
Carduus nutans;ciulin;
Carduus nutans;ciulin;
Carduus nutans;ciulin;
Carduus personata;spin;
Carduus personata;spin;
Carduus nutans;ciulin;
Carex caryophyllea;rogojel;
Carex curvula;coarnă;
Carex elata;popândaci;
Carex sempervirens;rogoz verde;
Carlina acaulis;turtă;
Carlina acaulis;turtă;
Carlina vulgaris;scăişor;turtă
Carpesium cernuum;guleraşi;dosnică galbenă
Carpinus betulus;carpen;
Carpinus orientalis;cărpiniţă;
Carthamus lanatus;pintenoagă;
Carthamus tinctorius;şofrănaşi;şofran
Carum carvi;chimen;chimion,secărică
Castanea sativa;castan comestibil;
Catabrosa aquatica;lăcrămiţă;
Caucalis platycarpos;ruşinătoare;
Celtis australis;sâmbovină;
Celtis planchoniana;sâmbovină dobrogeană;
Centaurea calocephala;zglăvoc;pesmă roşie
Centaurea calocephala;zglăvoc;pesmă roşie
Centaurea jankae;pesma lui Janka;
Centaurea nervosa;zglăvoc;dioc
Centaurea orientalis;pesmă galbenă;
Cyanus pinnatifidus;albăstriţă de munte;
Centaurea pontica;pesma Deltei Dunarii;
Centaurium erythraea;fierea pământului;
Centaurium erythraea;fierea pământului;
Centaurium pulchellum;frigurică;
Cephalanthera damasonium;căpşunică;
Cephalanthera longifolia;buruiană de junghiuri;
Cephalanthera rubra;căpşunică;
Cephalaria transylvanica;sipică;
Cephalaria uralensis;sipică;
Cerastium alpinum;cornuţ;lâna caprelor
Cerastium arvense;cornuţ;
Cerastium cerastoides;cornuţ;
Cerastium fontanum;struna cocoşului;
Cerastium fontanum;struna cocoşului;
Ceratocarpus arenarius;ciulei;
Ceratocephala testiculata;ploşnicar;
Ceratophyllum demersum;cosor;
Ceratophyllum platyacanthum;cosor;
Ceratophyllum submersum;cosor;
Cercis siliquastrum;arborele Iudei;arborele de Iudeea
Cerinthe glabra;cerenică de munte;
Cerinthe minor;somnoroasă;
Ceterach officinarum;unghia ciutei;
Chaerophyllum aromaticum;antonică;
Chaerophyllum bulbosum;baraboi;
Chaerophyllum hirsutum;asmăţui sălbatic;
Chaiturus marrubiastrum;talpa lupului;coada mâţei
Chamaecytisus danubialis;drob;
Epilobium angustifolium;răscoage;zburătoare
Epilobium angustifolium;răscoage;zburătoare
Chenopodium album;lobodă;căpriţă
Chenopodium bonus-henricus;spanacul ciobanilor;
Chenopodium foliosum;fragă tătărască;
Chenopodium hybridum;talpa gâştei;
Chenopodium murale;frunză de potcă;
Chenopodium opulifolium;lobodă;
Chenopodium urbicum;iarba drumurilor;
Chenopodium vulvaria;lobodă puturoasă;
Chimaphila umbellata;verdeaţa iernii;
Chondrilla juncea;răsfug;
Leucanthemum adustum;mărgărită;
Chrysopogon gryllus;sadină;
Chrysosplenium alpinum;splină;
Chrysosplenium alternifolium;splină;
Cicer arietinum;năut;
Cichorium intybus;cicoare;
Cicuta virosa;cucută de apă;
Circaea lutetiana;tilişcă;iarba vrăjitoarei
Cirsium arvense;pălămidă;
Cirsium boujartii;crăpuşnic;
Cirsium canum;pălămidă;
Cirsium decussatum;crăpușnic;
Cirsium decussatum;crăpușnic;
Cirsium eriophorum;crăpuşnic;
Cirsium erisithales;colţul lupului;
Cirsium furiens;crăpuşnic;
Cirsium heterophyllum;crăpuşnic;
Cirsium oleraceum;nilocea;crăstăval
Cirsium palustre;crăpuşnic;
Cirsium decussatum;crăpușnic;
Cirsium vulgare;crăpuşnic;scai
Citrullus lanatus;pepene verde;
Clematis alpina;curpen de munte;
Clematis integrifolia;clocoţei;
Clematis recta;luminoasă;
Clematis vitalba;curpen de pădure;
Clinopodium acinos;izmuşoară de câmp;busuioc de câmp
Clinopodium alpinum;cimbru mare de munte;
Clinopodium alpinum;cimbru mare de munte;
Clinopodium einseleanum;izmuşoară;
Clinopodium menthifolium;izmă de pădure;
Clinopodium menthifolium;izmă de pădure;
Clinopodium vulgare;apărătoare;
Cochlearia borzaeana;lingurea;
Colchicum autumnale;brânduşe de toamnă;
Colchicum bulbocodium;brânduşă de câmpie;
Colocasia esculenta;taro;
Colutea arborescens;băşicoasă;
Centaurea calocephala;zglăvoc;pesmă roşie
Comarum palustre;şapte degete;
Conioselinum tataricum;schinduc;
Conium maculatum;cucută;
Consolida regalis;nemţişor de câmp;
Consolida regalis;nemţişor de câmp;
Convallaria majalis;lăcrămioare;mărgăritărel
Polygonatum odoratum;pecetea lui Solomon;
Polygonatum odoratum;pecetea lui Solomon;
Convolvulus arvensis;volbură;
Convolvulus persicus;volbură de nisip;
Corallorhiza trifida;buzişor;
Coriandrum sativum;coriandru;
Cornus alba;sânger tătărăsc;
Cornus mas;corn;
Cornus sanguinea;sânger;
Cornus sanguinea;sânger;
Securigera varia;coronişte;
Securigera varia;coronişte;
Securigera varia;coronişte;
Securigera varia;coronişte;
Coronopus squamatus;talpa stâncăriii;talpa stâncii
Cortusa matthioli;ciuboţica ursului;
Corydalis capnoides;brebenei;
Corydalis cava;brebenei;
Corydalis cava;brebenei;
Corydalis intermedia;brebenei;
Corydalis pumila;brebenei;
Corydalis solida;brebenei;
Corydalis solida;brebenei;
Corylus avellana;alun;
Corylus colurna;alun turcesc;
Corylus maxima;alun cu frunza mare;
Cota macrantha;floare de perină broştească;
Cota tinctoria;floare de perină;
Cota tinctoria;floare de perină;
Cota tinctoria;floare de perină;
Cota tinctoria;floare de perină;
Cotinus coggygria;scumpie;
Crambe maritima;varză de mare;
Crambe tataria;târtan;
Crataegus monogyna;păducel;
Crataegus pentagyna;păducel;
Crepis biennis;barba lupului;
Crepis foetida;sunătoare;
Crepis foetida;sunătoare;
Crepis paludosa;gălbenuş de baltă;
Crepis pulchra;gălbenuşi;
Crepis setosa;gălbenuşi;
Crocus banaticus;brânduşe de toamnă;şofran de toamnă
Crocus chrysanthus;brânduşă galbenă;
Crocus flavus;brânduşe galbene;
Crocus vernus;brânduşe de munte;brânduşe de primăvară
Cruciata glabra;smântânică;
Cruciata glabra;smântânică;
Cruciata glabra;smântânică;
Cruciata laevipes;smântânică;
Crypsis aculeata;ghimpariţă;iarba vătămăturii
Silene baccifera;guşa porumbelului;pleşcaiţă
Cucumis melo;pepene galben;
Cucumis sativus;castravete;
Cucurbita maxima;dovleac turcesc;
Cucurbita pepo;dovleac;bostan
Cuscuta approximata;torţel;cuscută
Cuscuta campestris;cuscută mare;
Cuscuta epilinum;torţel;cuscută
Cuscuta epithymum;torţel;cuscută
Cuscuta europaea;torţel;cuscută
Cuscuta lupuliformis;torţel;cuscută
Cuscuta monogyna;torţel;cuscută
Cuscuta planiflora;torţel;cuscută
Cyanus pinnatifidus;albăstriţă de munte;
Cyanus segetum;albăstrele;vineţele
Cydonia oblonga;gutui;
Cymbalaria muralis;floarea miresei;
Cynanchum acutum;curpene câinesc;
Cynodon dactylon;pir gros;iarba câinelui
Cynoglossum officinale;limba câinelui;
Cynoglossum germanicum;limba câinelui;
Cynoglossum hungaricum;limba câinelui;
Cynoglossum officinale;limba câinelui;
Cynosurus cristatus;pieptănariţă;
Cynosurus echinatus;pieptănariţă;
Cyperus fuscus;căprişor oacheş;
Cyperus longus;căprişor;
Cyperus longus;căprişor;
Cypripedium calceolus;papucul doamnei;
Cystopteris alpina;ferigă de piatră;
Cystopteris fragilis;feriguţă de stâncă;
Cystopteris montana;ferigă de piatră;
Cytisus albus;drob alb;
Cytisus austriacus;drob;
Cytisus austriacus;drob;
Cytisus hirsutus;drob;
Cytisus scoparius;drob;mături
Dactylis glomerata;golomăţ;
Dactylis glomerata;golomăţ;
Dactylis glomerata;golomăţ;
Dactylorhiza maculata;mâna Maicii Domnului;
Dactylorhiza maculata;mâna Maicii Domnului;
Dactylorhiza maculata;mâna Maicii Domnului;
Dactylorhiza sambucina;bozior;
Daphne blagayana;iederă albă;
Daphne cneorum;tămâiţă;tulichină mică
Daphne laureola;dafin;
Daphne mezereum;tulichină;
Datura stramonium;ciumăfaie;
Daucus carota;ruşinea fetei;
Daucus carota;morcov;
Delphinium albiflorum;nemţişor;
Delphinium elatum;nemţişor;
Delphinium fissum;nemţişor;
Delphinium simonkaianum;nemţişor;
Cardamine quinquefolia;colţişor;
Deschampsia cespitosa;târsă;
Deschampsia cespitosa;târsă;
Descurainia sophia;voinicică;
Dianthus armeria;cocoşel;
Dianthus barbatus;garoafe;
Dianthus barbatus;garoafe;
Dianthus callizonus;garofiţa Pietrei Craiului;
Dianthus carthusianorum;garofiţă;
Dianthus carthusianorum;garofiţă;
Dianthus carthusianorum;garofiţă;
Dianthus collinus;cocoşel;
Dianthus deltoides;garofiţe;
Dianthus giganteus;scaunul cucului;
Dianthus giganteus;scaunul cucului;
Dianthus giganteus;scaunul cucului;
Dianthus glacialis;garofiţă de munte;
Dianthus henteri;scânteiuţă de stâncă;
Dianthus spiculifolius;barba ungurului;
Dianthus superbus;garoafe de munte;
Dianthus superbus;garoafe de munte;
Dianthus trifasciculatus;cocoşel;
Dianthus trifasciculatus;cocoşel;
Dianthus trifasciculatus;cocoşel;
Dictamnus albus;frăsinel;
Dictamnus albus;frăsinel;
Digitalis grandiflora;degeţel galben;
Digitalis ferruginea;cucenţă;
Digitalis grandiflora;degeţel galben;
Digitalis lanata;cucenţă;
Digitalis purpurea;degeţel roşu;
Digitaria ischaemum;meişor;
Digitaria sanguinalis;meişor;
Digitaria sanguinalis;meişor;
Dioscorea communis;fluierătoare;viţă neagră,untul pământului
Diplotaxis tenuifolia;puturoasă;
Dipsacus fullonum;varga ciobanului;
Dipsacus laciniatus;scăiete;scaete
Dipsacus pilosus;scăiuş;
Doronicum austriacum;iarba ciutei;
Doronicum carpaticum;cujdă;
Doronicum columnae;cujdă;
Doronicum hungaricum;iarba căprioarelor;
Doronicum hungaricum;iarba căprioarelor;
Doronicum hungaricum;iarba căprioarelor;
Doronicum hungaricum;iarba căprioarelor;
Dorycnium pentaphyllum;suliţică;
Dorycnium pentaphyllum;suliţică;
Draba kotschy;flămânzică;
Draba nemorosa;flămânzică;
Dracocephalum austriacum;mătăciune;
Dracocephalum moldavica;mătăciune;
Dracocephalum ruyschiana;mătăciune;
Dracocephalum thymiflorum;mătăciune;
Dracocephalum austriacum;mătăciune;
Drosera rotundifolia;roua cerului;
Dryas octopetala;arginţică;
Drymochloa drymeja;scradă;
Dryopteris filix-mas;ferigă;
Dysphania ambrosioides;tămâiţă;
Dysphania botrys;tămâiţă;
Ecballium elaterium;plesnitoare;
Echinochloa crus-galii;mohor lat;mohor înalt,costrei
Echinochloa oryzoides;mohor alb;mohor orezar
Echinocystis lobata;bostănaş spinos;
Echinops exaltatus;tătarnică;
Echinops ritro;tătarnică;
Echinops ritro;tătarnică;
Echinops sphaerocephalus;rostogol;măciuca ciobanului
Echium italicum;coada vacii;
Echium vulgare;limba şarpelui;iarba şarpelui
Edraianthus graminifolius;edraiant;
Elaeagnus angustifolia;sălcioară;salcie mirositoare
Elaeagnus rhamnoides;cătină albă;
Eleocharis palustris;pipiriguţ;
Elodea canadensis;ciuma apelor;
Elsholtzia ciliata;busuioc vietnamez;
Elymus caninus;pir pădureţ;
Elymus farctus;pir de mare;
Empetrum nigrum;vuietoare;
Empetrum nigrum;vuietoare;
Ephedra distachya;cârcel;
Epilobium angustifolium;răscoage;zburătoare
Epilobium collinum;pufuliţă;
Epilobium hirsutum;pufuliţă;zburătoare
Epilobium montanum;pufuliţă;
Epilobium parviflorum;pufuliţă cu flori mici;
Epilobium angustifolium;răscoage;zburătoare
Epipactis helleborine;mlăştiniţă;
Epipactis helleborine;mlăştiniţă;
Epipactis palustris;mlăştiniţă;
Epipactis purpurata;mlăştiniţă;
Equisetum arvense;coada calului;
Equisetum fluviatile;pipirig;
Equisetum hyemale;pipirig;
Equisetum palustre;barba ursului de bahne;
Equisetum variegatum;pipirig;
Eragrostis minor;iarbă sură;
Erigeron acris;bunghişor;
Erigeron acris;bunghişor;
Erigeron acris;bunghişor;
Erigeron acris;bunghişor;
Erigeron acris;bunghişor;
Erigeron canadensis;bătrâniş;
Erigeron uniflorus;bunghişor;
Eriophorum vaginatum;bumbăcariţă;
Stachys germanica;jaleş;pavază
Eritrichium jankae;ochiul şarpelui;
Eritrichium nanum;ochiul şarpelui;
Eritrichium nanum;ochiul şarpelui;
Erodium ciconium;pliscul cocorului;
Erodium cicutarium;pliscul cocorului;ciocul berzei
Erophila verna;flămânzică;
Eryngium campestre;scaiul dracului;
Eryngium maritimum;vitrigon;
Eryngium planum;scai vânăt;
Erysimum cheiri;micşunele;
Erysimum comatum;micsandră de colţi;
Erysimum repandum;bărbuşoară;
Erysimum witmannii;micsandre sălbatice;
Erysimum witmannii;micsandre sălbatice;
Erythronium dens-canis;măseaua ciutei;cocoşei
Euonymus europaeus;salbă moale;
Euonymus fortunei;salbă târâtoare;
Euonymus latifolius;salbă moale;
Euonymus nanus;salbă moale pitică;voiniceriu pitic
Euonymus verrucosus;salbă râioasă;
Eupatorium cannabinum;cânepa codrului;
Euphorbia cyparissias;laptele câinelui;alior
Euphorbia esula;buruiană măgărească;laptele câinelui
Euphorbia helioscopia;alior;buruiană de friguri,laptele cucului
Euphorbia nicaeensis;alior dobrogean;
Euphorbia palustris;alior de baltă;
Euphorbia platyphyllos;laptele câinelui;buruiană de negi
Euphrasia rostkoviana;silur;
Euphrasia salisburgensis;floarea mucezii;
Fagopyrum esculentum;hrişcă;
Fagopyrum tataricum;hrişcă tătărască;
Fagus orientalis;fag oriental;
Fagus sylvatica;fag;
Falcaria vulgaris;dornic;
Fallopia convolvulus;hrişcă urcătoare;
Fallopia dumetorum;hrişcă deasă;
Ferula sadleriana;aerel panonic;
Ferulago campestris;lopăţă;
Ferulago sylvatica;mărar păsăresc;
Festuca amethystina;păiuş lazuriu;
Festuca bucegiensis;păruşcă de gheţuri;
Festuca picturata;păiuş violaceu;
Festuca rubra;păiuş roşu;
Festuca rubra;păiuş roşu;
Festuca stricta;păiuş de stânci;
Festuca supina;păruşcă;
Festuca valesiaca;păiuşcă;
Festuca valesiaca;păiuş;
Ficaria verna;grâuşor;untişor
Ficaria verna;grâuşor;untişor
Ficaria verna;grâuşor;untişor
Ficus carica;smochin;
Filago arvensis;flocoşele;
Filipendula ulmaria;creţuşcă;
Filipendula ulmaria;creţuşcă;
Filipendula vulgaris;aglică;
Foeniculum vulgare;fenicul;molură
Fragaria moschata;căpşuni de câmp;
Fragaria vesca;fragi de pădure;
Fragaria viridis;fragi de câmp;
Fragaria viridis;fragi de câmp;
Fragaria x ananasa;căpşuni;
Frangula alnus;cruşân;
Fraxinus americana;frasin american;
Fraxinus angustifolia;frasin;
Fraxinus excelsior;frasin;
Fraxinus excelsior;frasin;
Fraxinus ornus;mojdrean;
Fraxinus pallisae;frasin pufos;
Fraxinus pennsylvanica;frasin de Pensilvania;
Fritillaria meleagris;bibilică;
Fritillaria montana;lalea pestriţă;
Fumaria officinalis;fumariţă;
Gagea lutea;laptele păsării;
Gagea pratensis;ceapa ciorii;
Gagea villosa;scânteiuţă;
Galanthus nivalis;ghiocei;
Galanthus plicatus;ghiocel dobrogean;
Galatella linosyris;coamă de aur;
Galega officinalis;ciumărea;
Galeopsis angustifolia;faţa mâţei;
Galeopsis ladanum;ţapoşnic;
Galeopsis pubescens;zabră;
Galeopsis speciosa;cânepiţă;zabră
Galeopsis tetrahit;lungurică;cânepioară
Galinsoga cilliata;busuioc de câmp;
Galinsoga parviflora;busuioc sălbatic;
Galinsoga quadriradiata;busuioc de câmp;
Galium aparine;turiţă;lipicioasă
Galium intermedium;sânziene de pădure;
Galium moldavicum;sânziană de stepă moldavă;
Galium mollugo;sânziene albe;
Galium odoratum;vinariţă;
Galium rubioides;drăgaică mare;sânziană,rodie
Galium rubioides;drăgaică mare;sânziană,rodie
Galium verum;sânziene galbene;drăgaică
Galium verum;sânziene galbene;drăgaică
Genista albida;drob;
Genista sagittalis;grozamă;
Genista tinctoria;drobiţă;
Gentiana acaulis;cupe;
Gentiana asclepiadea;lumânărica pământului;
Gentiana clusii;cupe;
Gentiana cruciata;ochincea;fierea pământului
Gentiana cruciata;ghinţură lată;enţură lată
Gentiana lutea;ghinţură galbenă;
Gentiana orbicularis;ghinţură de colţi;
Gentiana punctata;ghinţură punctată;
Gentiana utriculosa;fierea pământului;
Gentiana verna;ochincele;
Geranium caeruleatum;priboi albăstriu;
Geranium divaricatum;mătcuţă;
Geranium lucidum;pliscul cocorului;
Geranium palustre;frigări;
Geranium phaeum;pălăria cucului;
Geranium pratense;greghetin;
Geranium pusillum;buchet;
Geranium pyrenaicum;pliscariţă;
Geranium robertianum;năpraznic;
Geranium rotundifolium;priboi;
Geranium sylvaticum;fratele priboiului;
Geum montanum;mărţişor;
Geum reptans;plăcinţele;cerenţel târâtor
Geum rivale;călţunul doamnei;
Geum urbanum;cerenţel;
Gladiolus illyricus;gladiole;
Gladiolus imbricatus;săbiuţă;
Gladiolus italicus;gladiole;
Gladiolus palustris;gladiole;
Glaucium corniculatum;mac cornut;
Glaucium flavum;mac cornut galben;
Glaucium leiocarpum;mac cornut galben;
Glaux maritima;şerpariţă;
Glechoma hederacea;rotungioară;
Glechoma hirsuta;silnic;
Gleditsia triacanthos;glădiţă;
Glyceria fluitans;rourică;
Glyceria fluitans;rourică;
Glyceria maxima;mană de apă;
Glyceria nemoralis;mană de apă;
Glyceria notata;mană de apă;
Glycine max;soia;
Glycyrrhiza echinata;lemn dulce;
Glycyrrhiza glabra;lemn dulce;
Gnaphalium pilulare;siminoc;
Gnaphalium sylvaticum;floarea patului;
Gnaphalium uliginosum;siminoc;
Gratiola officinalis;veninariţă;
Platanthera bifolia;stupiniţă;
Gymnadenia conopsea;ură;
Gymnadenia nigra;sângele voinicului;
Gymnadenia rubra;sângele voinicului;
Gymnospermium altaicum;talpa leului;
Gypsophila muralis;vălul miresii;
Gypsophila paniculata;ipcărige;
Gypsophila petraea;ipcărige de stâncă;
Platanthera bifolia;stupiniţă;
Hedera helix;iederă;
Hedysarum grandiflorum;dulcişor;
Hedysarum hedysaroides;dulcişor;
Helianthemum nummularium;iarba osului;
Helianthemum nummularium;iarba osului;
Helianthemum nummularium;iarba osului;
Helianthemum nummularium;iarba osului;
Helianthemum oelandicum;mălăoaie;
Helianthemum oelandicum;mălăoaie;
Helianthemum oelandicum;mălăoaie;
Helianthemum salicifolium;mălăoaie;
Helianthus annuus;floarea soarelui;
Helianthus tuberosus;napi porceşti;topinamburi
Helichrysum arenarium;siminoc;
Helichrysum arenarium;siminoc;
Helictochloa versicolor;ovăscior alpin;
Heliotropium europaeum;vanilie sălbatică;
Epipactis palustris;mlăştiniţă;
Veratrum album;ştirigoaie;
Helleborus odorus;spânz verde;
Helleborus purpurascens;spânz;
Helminthotheca echioides;iarba găii;
Hepatica transsilvanica;crucea voinicului;
Hepatica nobilis;trei răi;popilnic iepuresc
Hepatica transsilvanica;crucea voinicului;
Hepatica nobilis;trei răi;popilnic iepuresc
Heracleum sphondylium;brânca ursului;
Heracleum sphondylium;brânca ursului;
Heracleum sphondylium;brânca ursului;
Heracleum sphondylium;talpa ursului;
Hesperis matronalis;nopticoasă albă;
Hesperis matronalis;nopticoasă;
Hesperis matronalis;nopticoasă;
Hesperis nivea;mirodea;
Hesperis tristis;mirodenie;
Hibiscus syriacus;zămoşiţă de Siria;
Hibiscus trionum;zămoşiţă;
Hieracium alpinum;vulturică;
Hieracium alpinum;vulturică;
Hieracium alpinum;vulturică;
Hieracium alpinum;vulturică;
Hieracium umbellatum;iarba vulturului;
Hierochloë australis;iarba Sfintei Mării;
Hierochloë repens;iarba Sfintei Mării;
Hippuris vulgaris;coada mânzului;
Sorghum halepense;costrei;
Holcus lanatus;flocoşică;
Holcus mollis;flocoşică;
Holosteum umbellatum;cuişoriţă;
Holosteum umbellatum;cuişoriţă;
Homogyne alpina;rotunjoare;
Hordelymus europaeus;orz pădureţ;
Hordeum murinum;orzul şoarecilor;
Hordeum murinum;orzul şoarecilor;
Hordeum vulgare;orzoaică;
Hordeum vulgare;orz;
Humulus lupulus;hamei;
Humulus scandens;hamei japonez;
Huperzia selago;brădişor;
Hydrocharis morsus-ranae;iarba broaştelor;
Hyoscyamus albus;măselariţă albă;
Hyoscyamus niger;măselariţă;nebunariţă
Hypericum maculatum;sunătoare;
Hypericum maculatum;sunătoare;
Hypericum perforatum;pojarniţă;sunătoare
Hypericum tetrapterum;şovârvariţă;
Hypochaeris maculata;iarbă împuşcată;
Hypochaeris radicata;buruiană porcească;
Hypochaeris uniflora;anghinarea oilor;
Hyssopus officinalis;isop;
Iberis saxatilis;limba mării;
Iberis saxatilis;limba mării;
Iberis saxatilis;limba mării;
Ilex aquifolium;laur;
Impatiens balsamina;canale;copăcei,răchiţele
Impatiens noli-tangere;slăbănog;
Impatiens noli-tangere;slăbănog;
Inula britannica;şovârvariţă;
Inula conyzae;moartea puricelui;
Inula ensifolia;buruiană pentru vânt;
Inula germanica;cioroi;
Inula helenium;iarbă mare;oman
Inula salicina;cioroi;
Iris aphylla;stânjenei;
Iris graminea;caşiţă;
Iris halophila;săghioară;
Iris pseudacorus;stânjenei galbeni;stânjenei de baltă
Iris pumila;răţişoare;
Iris ruthenica;caşiţă;
Iris variegata;stânjenei pestriţi;
Isatis tinctoria;drobuşor;
Isopyrum thalictroides;găinuşi;
Jacobaea borysthenica;rujină;petimbroasă
Jacobaea erucifolia;bătătorniţă;
Jacobaea erucifolia;bătătorniţă;
Jacobaea vulgaris;rujină;petimbroasă
Jasminum fruticans;iasomie;
Jasminum officinale;iasomie;
Juglans nigra;nuc american;nuc negru
Juglans regia;nuc;
Juncus acutiflorus;pipirig de pădure;
Juncus alpinoarticulatus;pipirig de munte;
Juncus atratus;pipirig negru;
Juncus bufonius;iarba broaştei;iarba bivolului
Juncus compressus;brădiţel;
Juncus conglomeratus;pipirig;
Juncus dudleyi;brădăţel;
Juncus effusus;spetează;
Juncus inflexus;pipirigel;
Juncus littoralis;pipirig de mare;
Juncus maritimus;pipirig de mare;
Juncus monanthos;părul porcului;
Juncus tenuis;brădăţel;pipirig american
Juncus trifidus;părul porcului;
Juniperus communis;ienupăr;
Juniperus communis;ienupăr;
Juniperus sabina;cetină de negi;
Kickxia elatine;avrămeasă;
Kickxia elatine;avrămeasă;
Kickxia spuria;avrămeasă;
Knautia arvensis;muşcata dracului;
Knautia arvensis;muşcata dracului;
Knautia arvensis;muşcata dracului;
Knautia longifolia;muşcata dracului;
Laburnum anagyroides;salcâm galben;
Lactuca alpina;susai de munte;
Lactuca muralis;tâlhărea;susai pădureţ
Lactuca quercina;crestăţea;
Lactuca sativa;salată;
Lactuca serriola;salată sălbatică;
Lactuca viminea;lăptuci;
Lactuca virosa;lăptucă veninoasă;
Lagenaria siceraria;tigvă;
Lamium album;urzică moartă albă;
Lamium amplexicaule;sugel;urzică moartă
Lamium galeobdolon;gălbeniţă;
Lamium galeobdolon;gălbeniţă;
Lamium maculatum;urzică moartă roşie;
Lamium purpureum;sugel puturos;
Lapsana communis;zgrăbunţică;salata câinelui
Lapsana communis;zgrăbunţică;salata câinelui
Larix decidua;lariţă;zadă
Laser trilobum;aerel;
Laserpitium archangelica;zmeoaie;
Laserpitium krapfii;chimionul ţapului;
Laserpitium latifolium;smeoaică;smeoaie
Laserpitium prutenicum;somnoroasă;
Lathraea squamaria;muma pădurii;
Lathyrus aphaca;linte galbenă;
Lathyrus hirsutus;piedica vântului;
Lathyrus latifolius;mănerei de pădure;
Lathyrus niger;orăştică;
Lathyrus odoratus;sângele voinicului;
Lathyrus pratensis;lintea pratului;
Lathyrus sativus;măzăroi;
Lathyrus sylvestris;bob de ţarină;
Lathyrus tuberosus;oreşniţă;
Lathyrus venetus;măzărichea cucului;
Lathyrus vernus;pupezele;
Lavandula angustifolia;levănţică;
Lavandula latifolia;levănţică;
Lavatera thuringiaca;salvie moale;nalbă
Leersia oryzoides;orezică;
Legousia speculum-veneris;floarea Sfintei Vineri;
Lembotropis nigricans;lemnul bobului;bobiţel,grozamă mare
Lemna gibba;lintiţă;
Lemna minor;lintiţă;
Lemna minuta;lintiţă;
Lemna trisulca;lintiţă;
Lens culinaris;linte;
Gymnospermium altaicum;talpa leului;
Gymnospermium altaicum;talpa leului;
Leontodon hispidus;potcapul călugărului;
Leontopodium alpinum;albumiţă;floare de colţ,floarea reginei
Leonurus cardiaca;talpa gâştei;
Leopoldia comosa;ceapa ciorii;
Leopoldia tenuiflora;ceapa ciorii;
Lepidium campestre;hreniţă;
Lepidium cartilagineum;hrean sălbatic;
Lepidium latifolium;hrenoasă;
Lepidium ruderale;păducherniţă;paracherniţă
Lepidium sativum;creson;
Leucanthemopsis alpina;ventricea;
Leucanthemum adustum;mărgărită;
Leucanthemum gaudinii;margarete;ochiul boului
Leucanthemum maximum;margarete;
Leucanthemum adustum;mărgărită;
Leucanthemum rotundifolium;ochiul boului;
Leucanthemum vulgare;margarete;ochiul boului
Leucojum aestivum;ghiocei de baltă;
Leucojum vernum;ghiocei bogaţi;noduţe
Leymus racemosus;perişor;
Ligularia carpathica;varza iepurelui;
Ligularia sibirica;gălbenele;curechi de munte
Ligusticum mutellina;brie;brioală
Ligusticum mutellinoides;mărarul ursului;
Ligustrum vulgare;lemn câinesc;
Lilium martagon;crin de pădure;
Lilium bulbiferum;coroana împăratului;
Lilium martagon;crin de pădure;
Lilium martagon;crin de pădure;
Limodorum abortivum;garbiţă;
Limonium gmelinii;sică;
Limonium vulgare;limba peştelui;
Limosella aquatica;canarul bălţii;
Linaria alpina;linariţă de munte;
Cymbalaria muralis;floarea miresei;
Linaria genistifolia;buruiană de in;
Linaria vulgaris;linariţă;
Linum austriacum;ineaţă;
Linum borzeanum;in dobrogean;
Linum catharticum;ineaţă;inuţ de câmp
Linum extraaxillare;inul zânelor;in de munte
Linum flavum;in galben;
Linum hirsutum;in păros;in mare
Linum perenne;ineaţă;
Linum tenuifolium;in de câmp;
Linum uninerve;in galben de Banat;
Linum usitatissimum;in;
Liparis loeselii;moşişoare;
Lithospermum officinale;mei păsăresc;
Buglossoides purpurocaerulea;mărgeluşe;
Littorella uniflora;chenarul bălţilor;
Lloydia serotina;crinişor de stâncă;
Lobelia erinus;lobelie;
Loiseleuria procumbens;azalee pitică;
Lolium perrene;iarbă de gazon;zâzanie
Lolium temulentum;sălbăţie;
Lonicera alpigena;caprifoi;
Lonicera caerulea;caprifoi;
Lonicera caprifolium;caprifoi;
Lonicera nigra;caprifoi;
Lonicera tatarica;caprifoi tătărăsc;
Lonicera xylosteum;caprifoi;
Loranthus europaeus;vâsc de stejar;
Lotus corniculatus;ghizdei;
Lotus maritimus;ghizdei mare;
Lotus pedunculatus;ghizdei de mlaştină;
Lunaria annua;pana zburătorului;
Lunaria annua;pana zburătorului;
Lunaria rediviva;lopăţea;
Lupinus polyphyllus;lupin;cafeluţe
Luzula alpinopilosa;horşti;
Luzula alpinopilosa;horşti;
Luzula campestris;mălaiul cucului;
Luzula luzuloides;mălaiul cucului;horşti
Luzula luzuloides;mălaiul cucului;horşti
Luzula pilosa;mălaiul cucului;
Luzula sudetica;credei de munte;
Silene nivalis;opaiţa Munţilor Rodnei;
Silene nivalis;opaiţa Munţilor Rodnei;
Lycium barbarum;cătină de garduri;
Lycopersicon esculentum;pătlăgele roşii;tomate
Lycopodium annotinum;cornişor;
Lycopodium clavatum;pedicuţă;
Lycopodium complanatum;şerpuşor;
Lycopus europaeus;piciorul lupului;
Lycopus exaltatus;ciorvană mare;
Lysimachia nummularia;dreţe;gălbăjoară
Lysimachia punctata;iarbă de lungoare;gălbinele
Lysimachia vulgaris;gălbenele;
Lythrum portula;mătreaţă;
Lythrum salicaria;răchitan;
Lythrum virgatum;răchitan;
Maianthemum bifolium;lăcrămiţă;
Malus dasyphylla;măr păros;
Malus domestica;măr;
Malus praecox;măr dusen;
Malus pumila;măr paradis;
Malus sylvestris;măr pădureţ;
Malva sylvestris;nalbă;
Malva sylvestris;nalbă;
Malva sylvestris;nalbă;
Malva neglecta;caşul popii;
Malva pusilla;nalbă mică;
Malva sylvestris;nalbă;
Lavatera thuringiaca;salvie moale;nalbă
Buglossoides purpurocaerulea;mărgeluşe;
Marrubium peregrinum;cătuşnică sălbatică;gutuiţă
Marrubium vulgare;unguraş;voronic,bălţătură
Marsilea quadrifolia;trifoi cu patru foi;
Matricaria chamomilla;muşeţel;romaniţă
Matteuccia struthiopteris;spata dracului;
Matthiola incana;micsandre;
Matthiola longipetala;micsandre sălbatice;
Medicago falcata;lucernă galbenă;
Medicago monspeliaca;molotru pitic;
Medicago sativa;lucernă;
Melampyrum arvense;grâul prepeliţei;miază-noapte
Melampyrum barbatum;grâul prepeliţei;ciormoiag
Melampyrum cristatum;ciormoiag;
Melampyrum nemorosum;sor-cu-frate;
Melampyrum sylvaticum;ciormoiag;
Silene nivalis;opaiţa Munţilor Rodnei;
Silene zawadzkii;guşa porumbelului de stâncă;opaiţă de stâncă
Veratrum album;ştirigoaie;
Melica transsilvanica;mărgică;
Melica uniflora;mărgică;
Melilotus albus;sulfină albă;
Melilotus officinalis;sulfină;
Clinopodium vulgare;apărătoare;
Melissa officinalis;roiniţă;iarba stupului
Melittis melissophyllum;dumbravnic;
Clinopodium vulgare;apărătoare;
Melittis melissophyllum;dumbravnic;
Melittis melissophyllum;dumbravnic;
Mentha aquatica;izma broaştei;
Mentha arvensis;izma cerbului;
Mentha longifolia;izmă proastă;izma calului
Mentha pulegium;busuiocul cerbilor;izmă proastă
Mentha suaveolens;izmă;mentă
Mentha x piperita;mentă;izmă
Menyanthes trifoliata;trifoişte;
Mercurialis annua;trepădătoare;
Mercurialis perennis;brei;
Mespilus germanica;moşmon;
Milium effusum;meişor;
Sorghum halepense;costrei;
Minuartia oxypetala;mierluță;
Minuartia verna;mierluţă;
Minuartia verna;mierluţă;
Mirabilis jalapa;barba împăratului;
Moehringia muscosa;scânteiuţe albe;
Moehringia trinervia;merinană;
Molinia caerulea;iarbă albastră;
Moneses uniflora;părăluţe de munte;
Monotropa hypopitys;sugătoare;
Monstera deliciosa;filodendron;
Morus alba;dud alb;
Morus nigra;dud negru;
Muscari botryoides;porumbei;
Muscari neglectum;porumbei;
Myagrum perfoliatum;golicică;
Ornithogalum boucheanum;luşcă;
Myosotis alpestris;nu-mă-uita;
Eritrichium nanum;ochiul şarpelui;
Myosotis sylvatica;nu-mă-uita;
Myosurus minimus;codiţucă;
Myricaria germanica;cătină mică;
Myriophyllum spicatum;peniţă;
Myriophyllum verticillatum;peniţă;
Najas marina;inariţă mare;
Najas minor;inariţă mică;
Narcissus poeticus;narcise;coprine
Nardus stricta;ţăpoşică;ţepoşică
Nasturtium officinale;năsturel;
Nelumbo nucifera;lotus indian;
Neotinea tridentata;poroinic;
Neottia nidus-avis;trânji;cuibuşor
Neottia ovata;buhai;
Nepeta cataria;cătuşnică;
Nepeta nuda;poala Sfintei Mării;
Neslia paniculata;drob;
Nicandra physalodes;căldăruşa popii;
Nicotiana alata;regina nopţii;
Nicotiana rustica;mahorcă;
Nicotiana tabacum;tutun;
Nigella arvensis;negruşcă;
Gymnadenia rubra;sângele voinicului;
Gymnadenia rubra;sângele voinicului;
Nitraria schoberi;gărdurariţă;
Nonea atra;ochiul lupului;
Nonea pulla;ochiul lupului;
Nuphar lutea;nufăr galben;
Nymphaea alba;nufăr alb;
Nymphaea candida;nufăr alb;
Nymphaea lotus;floare de tău;dreţe
Nymphoides peltata;plutică;
Odontites luteus;dinţură galbenă;buruniţă
Odontites vernus;dinţură;iarba dintelui
Oenanthe aquatica;mărăraş;
Oenanthe silaifolia;joiană;
Oenothera biennis;luminiţă;
Oenothera glazioviana;luminiţă;
Oenothera parviflora;luminiţă;
Lavatera thuringiaca;salvie moale;nalbă
Omphalodes scorpioides;lipici;
Onobrychis arenaria;sparcetă;
Onobrychis montana;sparcetă de munte;
Onobrychis viciifolia;sparcetă;
Ononis spinosa;osul iepurelui;
Ononis spinosa;osul iepurelui;
Ononis spinosa;osul iepurelui;
Ononis spinosa;osul iepurelui;
Onopordum acanthium;scai măgăresc;
Onosma arenaria;otrăţel;
Onosma pseudarenaria;otrăţel;
Ophioglossum vulgatum;limba şarpelui;
Ophrys apifera;albină;
Ophrys scolopax;albină;
Limodorum abortivum;garbiţă;
Platanthera bifolia;stupiniţă;
Orchis purpurea;poroinic;
Orchis mascula;poroinic;
Orchis mascula;poroinic;
Orchis militaris;poroinic;
Orchis purpurea;poroinic;
Orchis militaris;poroinic;
Orchis mascula;poroinic;
Orchis simia;pribolnic;
Orchis mascula;poroinic;
Orchis simia;pribolnic;
Origanum vulgare;sovârv;
Origanum vulgare;sovârv;
Origanum vulgare;sovârv;
Origanum vulgare;sovârv;
Ornithogalum boucheanum;luşcă;
Ornithogalum pyramidale;băluşcă;
Ornithogalum boucheanum;luşcă;
Ornithogalum pyramidale;băluşcă;
Ornithogalum boucheanum;luşcă;
Ornithogalum pyramidale;băluşcă;
Ornithogalum pyramidale;băluşcă;
Ornithogalum pyrenaicum;băluşcă;
Ornithogalum pyramidale;băluşcă;
Ornithopus sativus;seradelă;
Orobanche alba;iarba cucului;
Orobanche caryophyllacea;verigel;
Orobanche cernua;ţiţoaie;
Orobanche elatior;crăielici;
Orobanche flava;gonitoare;
Orobanche gracilis;verigel;
Orobanche lucorum;verigel;
Orobanche lutea;crăielici;
Orobanche purpurea;lupoaie;
Orobanche ramosa;lupoaie;verigel
Orthilia secunda;perişor;
Blechnum spicant;scăriţa muntelui;
Oxalis acetosella;măcrişul iepurelui;
Oxyria digyna;măcrişel;
Oxytropis campestris;luntricică;
Oxytropis carpatica;luntricică;
Oxytropis neglecta;luntricica Retezatului;
Paeonia banatica;bujor bănăţean;
Paeonia officinalis;bujor;
Paeonia peregrina;bujor romanesc;
Paeonia tenuifolia;bujor de stepă;
Paliurus spina-christi;spinul lui Christos;păliur
Panicum capillare;mei mărunt;
Panicum miliaceum;mei;
Papaver corona-sancti-stephani;mac galben de munte;
Papaver corona-sancti-stephani;mac galben de munte;
Papaver dubium;mac de câmp;
Papaver dubium;mac de câmp;
Papaver hybridum;mac de câmp;
Papaver orientale;mac de grădină;mac turcesc
Papaver rhoeas;mac de câmp;
Papaver somniferum;mac;
Parietaria judaica;paracherniţă;
Parietaria officinalis;paracherniţă;
Paris quadrifolia;dalac;
Paris quadrifolia;dalac;
Paris quadrifolia;dalac;
Parnassia palustris;şopârlaiţă albă;
Parthenocissus inserta;viţă de Canada;
Parthenocissus quinquefolia;viţă de Canada;
Parthenocissus tricuspidata;viţă japoneză;
Pastinaca sativa;păstârnac cultivat;
Pastinaca sativa;păstârnac;
Pastinaca sativa;păstârnac;
Pedicularis verticillata;vârtejul pământului;
Pedicularis baumgartenii;darie de stânci;
Pedicularis comosa;darie;
Pedicularis comosa;darie;
Pedicularis hacquetti;darie;
Pedicularis limnogena;darie bihoreană;
Pedicularis palustris;pintenel;
Pedicularis sylvatica;darie;
Pedicularis verticillata;vârtejul pământului;
Periploca graeca;periplocă;
Persicaria alpina;troscot de munte;
Persicaria amphibia;troscot de baltă;
Persicaria bistorta;răculeţ;
Persicaria hydropiper;piperul bălţii;
Persicaria mitis;buruiana viermilor;
Persicaria orientalis;moţul curcanului;
Persicaria vivipara;iarba şopârlelor;
Petasites albus;brustur alb;
Petasites hybridus;brustur;captalan
Petasites kablikianus;captalan;
Petasites spurius;captalan;
Peucedanum alsaticum;mărarul porcului;
Peucedanum austriacum;mărarul porcului;
Peucedanum cervaria;somnoroasă;
Peucedanum latifolium;limba şarpelui;
Peucedanum officinale;chimenul porcului;
Peucedanum oreoselinum;chimionul porcului;
Peucedanum tauricum;chimenul porcului;
Phacelia tanacetifolia;floarea albinelor;
Phaseolus coccineus;fasole mare;
Phaseolus vulgaris;fasole;
Phleum alpinum;timoftică de munte;
Phleum paniculatum;timoftică;
Phleum phleoides;timoftică;
Phleum pratense;timoftică;
Phlomis herba-venti;scorogoi;bundiţa vântului
Phlomis herba-venti;scorogoi;bundiţa vântului
Phlomis tuberosa;solovârfiţă;
Phragmites australis;stuf;trestie
Phragmites australis;stuf;trestie
Phragmites australis;stuf;trestie
Physalis alkekengi;păpălău de pădure;
Phyteuma orbiculare;schinuţă;bănică
Phyteuma spicatum;cărbuni;
Phyteuma tetramerum;puşca dracului;
Phyteuma vagneri;cărbuni;
Phytolacca americana;cârmâz;
Phytolacca esculenta;cârmâz;
Picea abies;molid;
Picris hieracioides;amăruţă;
Picris hieracioides;amăruţă;
Picris hieracioides;amăruţă;
Picris hieracioides;amăruţă;
Pilosella aurantiaca;ruşuliţă;
Pilosella floribunda;opintic;
Pilosella lactucella;opintic;
Pilosella officinarum;vulturică;
Pilosella piloselloides;culcuşul vacii;
Pimpinella anisum;anason;
Pimpinella major;petrinjel sălbatic;
Pimpinella nigra;petrinjel de câmp;
Pimpinella saxifraga;petrinjel de câmp;
Pinguicula alpina;foaie grasă de munte;
Pinguicula vulgaris;foaie grasă;
Pinus cembra;zâmbru;
Pinus mugo;jneapăn;
Pinus nigra;pin de Banat;
Pinus nigra;pin negru austriac;
Pinus strobus;pin strob;
Pinus sylvestris;pin roşu;
Pisum sativum;mazăre sălbatică;
Pisum sativum;mazăre sălbatică;
Pisum sativum;mazăre sălbatică;
Pisum sativum;mazăre cultivată;
Pisum sativum;mazăre sălbatică;
Plantago arenaria;ochiul lupului;
Plantago arenaria;ochiul lupului;
Plantago gentianoides;limba oii;
Plantago cornuti;iarba minciunii;
Plantago lanceolata;pătlagină cu frunze înguste;
Plantago lanceolata;pătlagină cu frunze înguste;
Plantago gentianoides;limba oii;
Plantago lanceolata;pătlagină cu frunze înguste;
Plantago major;pătlagină mare;
Plantago major;pătlagină mare;
Plantago major;pătlagină mare;
Plantago media;pătlagină;
Plantago gentianoides;limba oii;
Platanthera bifolia;stupiniţă;
Platanthera bifolia;stupiniţă;
Pleurospermum austriacum;morcoveancă;
Poa alpina;firuşca şopârlelor;
Poa annua;hiruşor;
Poa bulbosa;firicea;firuţă bulboasă
Poa nemoralis;iarbă deasă;
Poa pratensis;firuţă;
Poa pratensis;firuţă;
Poa trivialis;şuvar de munte;
Poa trivialis;şuvar de munte;
Podospermum roseum;luceafăr;
Polemonium caeruleum;scara Domnului;
Polycnemum arvense;scârţâitoare;
Polygala amara;amăreală;
Polygala amara;amăreală;
Polygala major;iarbă lăptoasă;
Polygala major;iarbă lăptoasă;
Polygala major;iarbă lăptoasă;
Polygonatum hirtum;pecetea lui Solomon;
Polygonatum multiflorum;pecetea lui Solomon;
Polygonatum odoratum;pecetea lui Solomon;
Polygonatum odoratum;pecetea lui Solomon;
Polygonatum verticillatum;pecetea lui Solomon;
Polygonatum odoratum;pecetea lui Solomon;
Polygonum arenarium;troscot de nisipuri;
Polygonum arenarium;troscot de nisipuri;
Polygonum aviculare;troscot;
Polygonum lapathifolium;iarbă roşie;
Polygonum persicaria;iarbă roşie;ardeiul broaştei
Polypodium vulgare;feriguţă;
Silene nivalis;opaiţa Munţilor Rodnei;
Polystichum aculeatum;creasta cocoşului;
Polystichum braunii;creasta cocoşului;
Polystichum lonchitis;şarpe;
Pontechium maculatum;capul şarpelui;
Populus alba;plop alb;
Populus canescens;plop cenuşiu;
Populus nigra;plop negru;
Populus tremula;plop tremurător;
Populus x canadensis;plop euramerican;
Portulaca grandiflora;portulac;agurijoară
Portulaca oleracea;iarbă grasă;graşiţă
Potamogeton crispus;broscariţă;
Potentilla anglica;rumeneală;
Potentilla anserina;coada racului;
Potentilla argentea;scrântitoare;
Potentilla aurea;scânteiuţă de munte;
Potentilla chrysantha;gălbenuşe;
Potentilla cinerea;buruiana junghiului;
Potentilla erecta;sclipeţi;
Potentilla heptaphylla;închegăţică;
Potentilla micrantha;frăgurel;
Potentilla recta;buruiană de cinci degete;
Potentilla recta;buruiană de cinci degete;
Potentilla reptans;cinci degete;
Potentilla supina;scrântitoare;
Potentilla tommasiniana;buruiana junghiului;
Prenanthes purpurea;salata iepurelui;
Primula auricula;urechea ursului;primulă mirositoare
Primula elatior;ciuboţica cucului;ţâţa vacii
Primula elatior;ciuboţica cucului;ţâţa vacii
Primula leucophylla;ciuboțica cucului;primulă surie
Primula farinosa;ochii broaştei;
Primula halleri;anghelină;
Primula leucophylla;ciuboțica cucului;primulă surie
Primula minima;ochiul găinii;
Primula veris;ciuboţica cucului;
Primula veris;ciuboţica cucului;
Primula veris;ciuboţica cucului;
Primula veris;ciuboţica cucului;
Primula vulgaris;aglice;griciorei
Pritzelago alpina;nocilă;
Prospero autumnale;viorele;
Prunella grandiflora;iarbă neagră;
Prunella laciniata;iarbă neagră;
Prunella vulgaris;busuioc de câmp;busuioc sălbatic
Prunus avium;cireş sălbatic;
Prunus cerasifera;corcoduş;
Prunus fruticosa;cireş de bărăgan;vişin pitic
Prunus laurocerasus;laurocireş;
Prunus mahaleb;vişin turcesc;
Prunus moldavica;porumbar;
Prunus padus;mălin;
Prunus padus;mălin;
Prunus spinosa;porumbar;
Prunus tenella;migdal pitic;
Pteridium aquilinum;ferigă de câmp;
Puccinellia capillaris;iarbă de sărătură;
Puccinellia distans;iarbă de sărătură;
Puccinellia distans;iarbă de sărătură;
Pulicaria dysenterica;tătăiş;punga babei
Pulicaria vulgaris;puricariţă;
Pulmonaria filarszkyana;plumânariţă roşie;
Pulmonaria officinalis;mierea ursului;cuscrişor
Pulmonaria rubra;plumânariţă roşie;
Pulsatilla alba;sisinei de munte;
Pulsatilla alba;sisinei de munte;
Pulsatilla australis;dediţei;sisinei
Pulsatilla dacica;dediţei;sisinei
Pulsatilla grandis;dediţel mare;
Pulsatilla hungarica;dediţei;sisinei
Pulsatilla nigricans;dediţei;sisinei
Pycreus flavescens;căprişor;
Pyrola rotundifolia;brăbănoi;
Pyrus communis;păr cultivat;
Pyrus nivalis;păr nins;
Pyrus pyraster;păr pădureţ;
Quercus cerris;cer;
Quercus dalechampii;gorun balcanic;
Quercus frainetto;gârniţă;
Quercus pedunculiflora;stejar brumăriu;
Quercus petraea;gorun;
Quercus polycarpa;gorun ardelean;
Quercus pubescens;stejar pufos;
Quercus robur;stejar;
Ranunculus acris;piciorul cocoşului;
Ranunculus acris;piciorul cocoşului;
Ranunculus alpestris;boglari albi;
Ranunculus carpaticus;gălbenele de munte;
Ranunculus circinatus;clintiţă;
Ranunculus crenatus;mieluşei albi;
Ranunculus illyricus;trânjoaică;
Ranunculus polyanthemos;gălbenele;
Ranunculus polyanthemos;gălbenele;
Ranunculus repens;floare de leac;
Ranunculus sardous;jebriu;
Ranunculus sceleratus;boglari;
Ranunculus serpens;gălbenele de pădure;
Raphanus raphanistrum;ridiche sălbatică;
Raphanus raphanistrum;ridiche sălbatică;
Raphanus sativus;ridiche cultivată;
Rapistrum perenne;ciurlan alb;
Reseda lutea;rechie;
Rhamnus cathartica;verigariu;spinul cerbului
Rhamnus saxatilis;verigariu;
Rhaponticum serratuloides;limba oii;stegie turcească
Rhinanthus alpinus;clocotici;
Rhinanthus angustifolius;clocotici;
Rhinanthus angustifolius;clocotici;
Rhinanthus minor;clocotici;
Rhinanthus rumelicus;clocotici;
Rhinanthus wagneri;clocotici;
Vaccinium vitis-idaea;merişor;
Rhododendron myrtifolium;smirdar;
Rhododendron myrtifolium;smirdar;
Rhododendron myrtifolium;smirdar;
Ribes alpinum;coacăz de munte;
Ribes aureum;cuişor;
Ribes nigrum;coacăz negru;
Ribes petraeum;păltior;
Ribes rubrum;coacăz roşu;
Ribes uva-crispa;agriş;
Rindera umbellata;căciula mocanului;
Robinia pseudoacacia;salcâm;
Rorippa amphibia;gălbinea;
Rorippa austriaca;năsturel;gălbinea
Rorippa kerneri;boghiţă;
Rorippa palustris;brâncuţă;
Rorippa sylvestris;boghiţă;
Rosa canina;măceş;
Rosa coziae;măceşul Coziei;rotoţelele Coziei
Rosa gallica;răsură;trandafir de câmp
Rosa pendulina;măceş de munte;
Rubia tinctorum;roibă;
Rubus caesius;mur;
Rubus idaeus;zmeur;
Rudbeckia laciniata;mărită-mă mamă;
Rumex acetosa;măcriş;
Rumex acetosella;măcriş mărunt;
Rumex acetosella;măcriş mărunt;
Rumex acetosella;măcriş mărunt;
Rumex alpestris;măcriş ciobănesc;
Rumex alpinus;ştevia stânelor;
Rumex aquaticus;ştevie de baltă;
Rumex conglomeratus;măcrişul calului;
Rumex crispus;dragavei;
Oxyria digyna;măcrişel;
Rumex obtusifolius;măcrişul calului;
Rumex obtusifolius;măcrişul calului;
Rumex obtusifolius;măcrişul calului;
Rumex obtusifolius;măcrişul calului;
Rumex patientia;ştevie de grădină;
Rumex patientia;ştevie de grădină;
Rumex patientia;ştevie de grădină;
Rumex pulcher;dragavei;
Rumex pulcher;dragavei;
Rumex sanguineus;dragavei;
Ruppia cirrhosa;aţă de mare;
Ruppia maritima;aţă de mare;
Ruscus aculeatus;ghimpe;
Ruscus hypoglossum;cornişor;
Dracocephalum austriacum;mătăciune;
Dracocephalum austriacum;mătăciune;
Sagittaria sagittifolia;săgeata apei;
Salicornia procumbens;brâncă;
Salix alba;salcie;
Salix babylonica;salcie pletoasă;
Salix caprea;salcie căprească;iovă
Salix cinerea;zălog;
Salix daphnoides;salcie brumărie;
Salix elaeagnos;răchită albă;
Salix eriocephala;răchită americană;
Salix fragilis;răchită;
Salix pentandra;salcie;
Salix purpurea;răchită roşie;
Salix reticulata;salcie pitică;
Salix retusa;salcie pitică;
Salix rosmarinifolia;salcie târâtoare;
Salix silesiaca;iovă;
Salix triandra;salcie;
Salix viminalis;mlaje;
Salix x rubens;răchită;
Salsola kali;ciurlan;
Salsola kali;ciurlan;
Salsola soda;săricică;
Salvia aethiopis;şerlai;
Salvia austriaca;coada lupului;
Salvia dumetorum;salvie de câmp;
Salvia glutinosa;cinsteţ;
Salvia nemorosa;jaleş de câmp;
Salvia nemorosa;jaleş de câmp;
Salvia nutans;jaleş plecat;salvie
Salvia officinalis;jaleş de grădină;
Salvia verticillata;urechea porcului;
Salvia pratensis;salvie de câmp;
Salvia sclarea;iarba Sfântului Ioan;
Salvia transsylvanica;jaleş;salvie
Salvia verticillata;urechea porcului;
Salvinia natans;peştişoară;
Sambucus ebulus;boz;
Sambucus nigra;soc negru;
Sambucus racemosa;soc roşu;soc de munte
Sanguisorba minor;cebărea;
Sanguisorba minor;cebărea;
Sanguisorba officinalis;sorbestrea;
Sanicula europaea;sânişoară;
Silene dinarica;miliţea vişinie;
Saponaria officinalis;odogaci;
Clinopodium vulgare;apărătoare;
Satureja hortensis;cimbru;
Saxifraga adscendens;ochii şoricelului;
Saxifraga pedemontana;saxifragă tufoasă;
Saxifraga luteoviridis;saxifragă prăzulie;
Saxifraga cuneifolia;iarba căşunăturii;
Saxifraga pedemontana;saxifragă tufoasă;
Saxifraga mutata;saxifragă de Bucegi;
Saxifraga hirculus;saxifragă de mlaştină;
Saxifraga luteoviridis;saxifragă prăzulie;
Saxifraga marginata;turturea;
Saxifraga mutata;saxifragă de Bucegi;
Saxifraga oppositifolia;saxifragă roşie;
Saxifraga paniculata;iarba surzilor;
Saxifraga pedemontana;saxifragă tufoasă;
Saxifraga rotundifolia;ochii şoricelului;
Saxifraga stellaris;iarba înstelată;
Saxifraga stellaris;iarba înstelată;
Saxifraga mutata;saxifragă de Bucegi;
Scabiosa ochroleuca;sipică;
Scandix pecten-veneris;acul Doamnei;
Scandix pecten-veneris;acul Doamnei;
Schedonorus pratensis;păiuş de livadă;
Schedonorus pratensis;păiuş de livadă;
Schoenoplectus lacustris;pipirig;
Schoenoplectus tabernaemontani;ţipirig;
Schoenus nigricans;bumburez;
Scilla bifolia;viorele;
Scilla bifolia;viorele;
Scilla bifolia;viorele;
Scirpoides holoschoenus;ţipirig;
Scirpus sylvaticus;pipirig;
Scleranthus annuus;buruiana surpăturii;
Scleranthus annuus;buruiana surpăturii;
Scleranthus annuus;buruiana surpăturii;
Scleranthus annuus;buruiana surpăturii;
Scleranthus perennis;sincerică;
Scleranthus perennis;sincerică;
Scleranthus perennis;sincerică;
Scleranthus uncinatus;studeniţă;
Scleranthus annuus;buruiana surpăturii;
Scopolia carniolica;mutulică;
Scorzonera austriaca;lăptiucă;
Podospermum roseum;luceafăr;
Podospermum roseum;luceafăr;
Scorzoneroides autumnalis;capul călugărului;
Scorzoneroides autumnalis;capul călugărului;
Scrophularia heterophylla;iarbă neagră;
Scrophularia heterophylla;iarbă neagră;
Scrophularia heterophylla;iarbă neagră;
Scrophularia nodosa;bubernic;iarbă neagră
Scrophularia scopolii;brânca porcului;buruiană de pocitură
Scrophularia umbrosa;iarbă neagră;
Scrophularia umbrosa;iarbă neagră;
Scrophularia vernalis;iarbă neagră;
Scutellaria altissima;gura lupului;
Scutellaria altissima;gura lupului;
Scutellaria galericulata;mirgău;
Scutellaria hastifolia;busuioc de baltă;
Scutellaria altissima;gura lupului;
Secale strictum;secară;
Secale sylvestre;secară;
Securigera varia;coronişte;
Sedum acre;iarbă de şoaldină;
Sedum alpestre;şoaldină alpină;
Sedum atratum;iarbă de şoaldină;
Sedum hispanicum;şoaldină aurie;
Sedum maximum;iarbă grasă;iarbă de urechi
Sedum maximum;iarbă grasă;iarbă de urechi
Sedum roseum;rujă;
Sedum sexangulare;iarbă grasă;
Sedum telephium;şoaldină carpatică;dragoste
Sedum telephium;iarbă grasă;
Selaginella helvetica;struţişori;
Selaginella selaginoides;struţişori;
Selinum carvifolia;îngerea;
Sempervivum carpathicum;verzişoară de munte;
Sempervivum globiferum;prescuriţă;
Sempervivum globiferum;prescuriţă;
Sempervivum marmoreum;borşişor;
Sempervivum montanum;verzişoară de munte;
Sempervivum tectorum;urechelniţă;
Senecio leucanthemifolius;spălăcioasă;
Senecio squalidus;cruciuliţă;
Senecio squalidus;cruciuliţă;
Senecio vulgaris;cruciuliţă;
Epipactis palustris;mlăştiniţă;
Epipactis palustris;mlăştiniţă;
Serratula coronata;joldeală;
Serratula tinctoria;şerpet;gălbinare
Seseli annuum;cosicel;
Seseli libanotis;smeoaie;
Seseli libanotis;smeoaie;
Seseli rigidum;buruiana vântului;
Sesleria bielzii;coarnă mare;
Sesleria caerulea;coada iepurelui;
Sesleria coerulans;coada iepurelui;
Sesleria filifolia;coada iepurelui;
Sesleria heuflerana;coada iepurelui;
Sesleria rigida;coada iepurelui;
Sesleria uliginosa;coada iepurelui;
Setaria italica;dughie;
Setaria italica;dughie;
Setaria pumila;mohor roşcat;
Setaria verticillata;mohor agăţător;
Setaria viridis;mohor verde;
Sideritis montana;încheietoare;
Geum montanum;mărţişor;
Silene acaulis;iarbă roşioară;
Silene acaulis;iarbă roşioară;
Silene armeria;miliţea roşie;pansele
Silene baccifera;guşa porumbelului;pleşcaiţă
Silene compacta;miliţea dobrogeană;
Silene coronaria;flocoşele;
Silene dinarica;miliţea vişinie;
Silene dinarica;miliţea vişinie;
Silene dioica;luminiţă de munte;opaiţă roşie
Silene flos-cuculi;floarea cucului;
Silene heuffelii;opaiţă;
Silene latifolia;opaiţă;
Silene latifolia;opaiţă;
Silene latifolia;opaiţă;
Silene nivalis;opaiţa Munţilor Rodnei;
Silene noctiflora;buruiană de baghiţă;
Silene nutans;lichitoare păsărească;
Silene nivalis;opaiţa Munţilor Rodnei;
Silene thymifolia;miliţea de mare;
Silene viscaria;lipicioasă;
Silene vulgaris;guşa porumbelului;
Silene vulgaris;guşa porumbelului;
Silene zawadzkii;guşa porumbelului de stâncă;opaiţă de stâncă
Sinapis alba;muştar;
Sinapis alba;muştar;
Sinapis arvensis;muştar de câmp;
Sisymbrium altissimum;gălbenea;
Sisymbrium loeselii;voinicică;
Sisymbrium officinale;brâncuţă;
Sisymbrium strictissimum;iarba boierului;hrenoasă
Sium latifolium;cosiţel;bolonică
Smyrnium perfoliatum;salată de pădure;
Solanum alatum;zârnă roşie;
Solanum dulcamara;lăsnicior;
Solanum melongena;pătlăgele vinete;vinete
Solanum nigrum;zârnă;
Solanum nigrum;zârnă;
Solanum tuberosum;cartof;
Solanum villosum;zârnă galbenă;
Soldanella hungarica;degetăruţ;
Soldanella hungarica;degetăruţ;
Soldanella pusilla;degetăruţ pitic;
Solidago virgaurea;varga de aur;splinuţă
Solidago canadensis;sânziene de grădină;
Solidago virgaurea;varga de aur;splinuţă
Solidago virgaurea;varga de aur;splinuţă
Solidago virgaurea;splinuţă;
Solidago virgaurea;varga de aur;splinuţă
Sonchus arvensis;susai;
Sonchus arvensis;susai;
Sonchus asper;susai aspru;
Sonchus oleraceus;susai moale;
Sonchus palustris;susai mare;
Sorbus aria;sorb;
Sorbus aucuparia;scoruş de munte;
Sorbus aucuparia;scoruş de munte;
Sorbus domestica;scoruş;
Sorbus torminalis;sorb;
Sorghum halepense;costrei;
Sparganium erectum;buzdugan;
Sparganium microcarpum;buzdugan;
Sparganium neglectum;buzdugan;
Spartium junceum;bucsău;
Spergula arvensis;hrana vacii;
Spinacia oleracea;spanac;
Spiraea chamaedryfolia;cununiţă;
Spiraea crenata;tavalgă;
Spiraea media;căprifoi;
Spiraea x vanhouttei;cununiţă;
Stachys annua;cinsteţ;
Stachys germanica;jaleş;pavază
Stachys germanica;jaleş;pavază
Stachys germanica;jaleş;pavază
Stachys officinalis;vindecea;cuişor,creţişor
Stachys palustris;bălbisă;
Stachys recta;jaleş de câmp;
Stachys recta;jaleş de câmp;
Stachys recta;jaleş de câmp;
Stachys sylvatica;bălbisă;
Stachys sylvatica;bălbisă;
Staphylea pinnata;clocotiş;
Stellaria aquatica;plescaiţă;
Stellaria graminea;rocoţea;
Stellaria holostea;iarbă moale;
Stellaria media;rocoină;
Stellaria nemorum;steluţă;
Stipa capillata;năgară;bucsău
Stipa lessingiana;colilie;
Stipa pennata;colilie;
Stipa pulcherrima;colilie;
Stipa tirsa;colilie;
Stratiotes aloides;foarfeca bălţii;
Styphnolobium japonicum;salcâm japonez;
Suaeda splendens;ghirin;
Succisa pratensis;ruin;
Symphytum cordatum;brustur negru;
Symphytum officinale;tătăneasă;
Symphytum officinale;tătăneasă;
Syringa josikaea;liliac transilvănean;lemnul vântului
Syringa vulgaris;liliac;
Tamarix ramosissima;cătină roşie;
Dioscorea communis;fluierătoare;viţă neagră,untul pământului
Tanacetum balsamita;calapăr;calomfir
Tanacetum corymbosum;năpraznic;
Tanacetum corymbosum;năpraznic;
Tanacetum millefolium;valentiţă;măgărite
Tanacetum parthenium;granat;spilcuţe
Tanacetum vulgare;vetrice;creaţă
Taraxacum officinale;păpădie;
Taraxacum serotinum;părăsita găinilor;
Taxodium distichum;chiparos de baltă;
Taxus baccata;tisă;
Telekia speciosa;lăptucul oii;
Teucrium capitatum;închegătoare;sugărel alb
Teucrium chamaedrys;dumbăţ;
Teucrium montanum;iarba negeilor;sugărel
Teucrium scordium;iarbă unsuroasă;
Teucrium scordium;iarbă unsuroasă;
Thalictrum alpinum;rutişor;
Thelypteris palustris;ferigă de baltă;
Thesium arvense;măciulie;
Thladiantha dubia;bostănei chinezeşti;
Thlaspi arvense;punguliţă;
Thymelaea passerina;limba vrăbiei;
Thymus alpestris;cimbrişor;
Thymus comosus;soponel;
Thymus odoratissimus;cimbrişor;
Thymus pulegioides;lămâioară;cimbrişor
Thymus pulegioides;lămâioară;cimbrişor
Thymus pulegioides;cimbrişor;
Thymus pulegioides;lămâioară;cimbrişor
Thymus vulgaris;cimbru de grădină;
Thypha angustifolia;papură;
Thypha domingensis;papură;
Thypha latifolia;papură;
Thypha laxmannii;papură;
Thypha minima;papură;
Thypha shuttleworthii;papură;
Tilia cordata;tei pucios;teiţă
Tilia platyphyllos;tei cu frunza mare;
Tilia platyphyllos;tei cu frunza mare;
Tilia platyphyllos;tei cu frunza mare;
Tilia tomentosa;tei alb;tei argintiu
Torilis japonica;haţmaţuchiul măgarului;
Tozzia alpina;iarba gâtului;
Tragopogon dubius;barba caprei;
Tragopogon porrifolius;salsifi;
Tragopogon pratensis;barba caprei;
Tragopogon pratensis;barba caprei;
Tragopogon pratensis;barba caprei;
Tragopogon pratensis;barba caprei;
Tragus racemosus;iarbă scăioasă;
Trapa natans;cornaci;
Tribulus terrestris;colţii babei;
Trifolium arvense;papanaşi;
Trifolium aureum;trifoi mărunt;
Trifolium campestre;trifoiaş;
Trifolium fragiferum;trifoi frăguţ;
Trifolium fragiferum;trifoi frăguţ;
Trifolium montanum;trifoi alb;
Trifolium ochroleucon;trifoi alb;
Trifolium pallidum;trifoi iepuresc;
Trifolium pratense;trifoi roşu;
Trifolium repens;trifoi alb târator;
Trifolium resupinatum;trifoi persan;
Triglochin palustris;iarba şerpilor;
Trigonella caerulea;molotru;molotru albastru,sulcină albastră
Trigonella foenum-graecum;schinduf;sfândoc
Tripleurospermum inodorum;romaniţă nemirositoare;
Tripolium pannonicum;albăstrică;
Tripolium pannonicum;albăstrică;
Trisetum flavescens;ovăscior auriu;
Triticum aestivum;grâu comun;
Trollius europaeus;bulbuci;
Trollius europaeus;bulbuci;
Tulipa hungarica;lalea galbenă;lalea de Cazane
Tulipa sylvestris;lalea;
Tulipa sylvestris;lalea;
Turritis glabra;turicel;
Tussilago farfara;podbal;
Ulmus asperrima;ulm de câmp;
Ulmus glabra;ulm de munte;
Ulmus laevis;velniş;
Ulmus minor;ulm de câmp;
Ulmus procera;ulm de câmp;
Ulmus pumila;ulm de Turkestan;
Urtica dioica;urzică mare;
Urtica galeopsifolia;urzică mare;
Urtica urens;urzică mică;
Utricularia vulgaris;otrăţel;
Vaccaria hispanica;floarea călugărului;
Vaccinium myrtillus;afin;
Vaccinium oxycoccos;răchiţele;
Vaccinium vitis-idaea;merişor;
Vaccinium uliginosum;afin vânăt pitic;
Vaccinium uliginosum;afin vânăt;
Vaccinium vitis-idaea;merişor;
Valeriana officinalis;odolean;
Valeriana officinalis;odolean;
Valeriana tripteris;cujucărea de munte;
Valerianella carinata;fetică;
Valerianella dentata;fetică;
Valerianella locusta;fetică;
Valerianella rimosa;fetică;
Vallisneria spiralis;beteală;sârmuliţă
Veratrum album;ştirigoaie;
Veratrum lobelianum;ştirigoaie;
Veratrum nigrum;ştirigoaie;
Verbascum blattaria;lumânărică;
Verbascum chaixii;coada vacii;
Verbascum densiflorum;coada vacii;
Verbascum lychnitis;lumânărică galbenă;
Verbascum nigrum;lumânărica peştilor;somnoroasă
Verbascum phlomoides;coada vacii;
Verbascum phoeniceum;coada mielului;
Verbena officinalis;sporici;
Verbena supina;sporici;verbenă
Verbesina encelioides;iarbă de tiţă;
Veronica agrestis;ventrilică;
Veronica austriaca;sburător;şopârliţă;
Veronica beccabunga;bobornic;
Veronica chamaedrys;stejărel;
Veronica hederifolia;doritoare;
Veronica longifolia;şopârliţă;
Veronica montana;şopârliţă de munte;
Veronica officinalis;ventrilică;strătorică
Veronica persica;ventrilică;
Veronica prostrata;coada mielului;
Veronica serpyllifolia;şopârliţă;
Veronica spicata;băieţei;
Veronica triloba;doritoare;
Veronica urticifolia;iarba şarpelui;
Viburnum lantana;dârmoz;
Viburnum opulus;călin;
Vicia articulata;măzăriche;
Vicia cracca;măzăriche;
Vicia dumetorum;măzăriche;
Vicia faba;bob;
Vicia grandiflora;măzăriche;
Vicia hirsuta;cosiţă;
Vicia lathyroides;măzăriche;
Vicia sativa;măzăriche de primăvară;
Vicia pannonica;borceag;măzăriche ungurească,măzăriche roşie
Vicia pisiformis;lintişoară;
Vicia sativa;măzăriche de primăvară;măzăriche cu frunze înguste;
Vicia sepium;măzăroi sălbatic;
Vicia sylvatica;măzăriche de pădure;
Vicia tenuifolia;măzăriche;
Vicia tetrasperma;cosiţă;
Vicia villosa;măzăriche păroasă;
Vinca herbacea;saschiu;
Vincetoxicum hirundinaria;iarba fiarelor;
Viola alba;viorele albe;
Viola alpina;viorele alpine;micşunele de munte
Viola arvensis;viorele de ogoare;
Viola biflora;toporaşi galbeni;viorele galbene
Viola canina;viorele sălbatice;
Viola dacica;unghia păsării;
Viola declinata;unghia păsării;
Viola hirta;viorele nemirositoare;
Viola mirabilis;viorele;toporaşi
Viola odorata;toporaşi;
Viola reichenbachiana;colţunii popii;
Viola jooi;tămâioară;
Viola suavis;toporaşi;
Viola tricolor;trei fraţi pătaţi;
Silene nivalis;opaiţa Munţilor Rodnei;
Viscum album;vâsc de brad;vâsc de pin,vâsc de foioase;
Vitis vinifera;viţă de vie sălbatică;lăuruşcă
Vulpia myuros;fulfucă;
Wisteria sinensis;glicină;
Xanthium orientale;cornaci;
Xanthium spinosum;holeră;
Xanthium strumarium;scaietele popii;cornuţi
Xeranthemum annuum;plevaiţă;flori nemuritoare
Xeranthemum cylindraceum;plevaiţă;
Zannichellia palustris;mătriţă;
Zannichellia pedunculata;mătriţă;
Zantedeschia aethiopica;cală;floarea miresei
Zea mays;porumb;
Ziziphus jujuba;finap;măslin dobrogean
Dracocephalum austriacum;mătăciune;
Zostera marina;iarbă de mare;
Zygophyllum fabago;castravete de mare;
